kernel,N,nnz,sparsity,op_intensity_cpu,mem_mb,cpu_time_s,cpu_energy_j,gflops_cpu,bw_gbps_cpu,CPU_Cores,CPU_Freq,op_intensity_gpu,gpu_sm_count,gpu_freq_ghz,gpu_mem_gb,gpu_mem_bw_gbps,gpu_time_s,gpu_energy_j,gflops_gpu,bw_gbps_gpu,speedup,ilp_label,ilp_obj
GEMM,1024,0,0.0,85.3333,25.1658,0.016759332,3.40522,128.1366,1.5016,8,2.27,85.3333,24,1.112,24.0468,288.384,0.0144698,1.76946,148.411,1.73919,1.1582283,0,284.59642
GEMM,1152,0,0.0,96.0,31.8505,0.026974946,5.0364,113.3514,1.1807,8,2.27,96.0,24,1.112,24.0468,288.384,0.0188809,2.16274,161.944,1.68691,1.4286896,0,284.59642
GEMM,1280,0,0.0,106.667,39.3216,0.034672203,6.99743,120.9702,1.1341,8,2.27,106.667,24,1.112,24.0468,288.384,0.0253834,3.29951,165.238,1.5491,1.3659401,1,284.59642
GEMM,1408,0,0.0,117.333,47.5791,0.042260376,8.7281,132.1005,1.1259,8,2.27,117.333,24,1.112,24.0468,288.384,0.0321002,3.41919,173.912,1.48221,1.3165144,0,284.59642
GEMM,1536,0,0.0,128.0,56.6231,0.056910172,11.4602,127.3543,0.995,8,2.27,128.0,24,1.112,24.0468,288.384,0.0375119,4.58638,193.212,1.50947,1.5171232,0,284.59642
GEMM,1664,0,0.0,138.667,66.4535,0.06442216,15.091,143.0391,1.0315,8,2.27,138.667,24,1.112,24.0468,288.384,0.049558,5.61634,185.941,1.34092,1.2999346,0,284.59642
GEMM,1792,0,0.0,149.333,77.0703,0.086307248,18.7278,133.3511,0.893,8,2.27,149.333,24,1.112,24.0468,288.384,0.0640162,7.05879,179.785,1.20392,1.3482095,0,284.59642
GEMM,1920,0,0.0,160.0,88.4736,0.10679671,23.7863,132.5488,0.8284,8,2.27,160.0,24,1.112,24.0468,288.384,0.0765134,8.50078,185.011,1.15632,1.3957909,0,284.59642
GEMM,2048,0,0.0,170.667,100.6633,0.11638294,27.5213,147.615,0.8649,8,2.27,170.667,24,1.112,24.0468,288.384,0.0901351,11.0393,190.601,1.11681,1.2912055,0,284.59642
GEMM,2304,0,0.0,192.0,127.402,0.16175053,38.4841,151.2278,0.7876,8,2.27,192.0,24,1.112,24.0468,288.384,0.128224,14.8497,190.769,0.993589,1.2614684,0,284.59642
GEMM,2560,0,0.0,213.333,157.2864,0.22575076,53.3956,148.6349,0.6967,8,2.27,213.333,24,1.112,24.0468,288.384,0.173144,20.292,193.795,0.908416,1.3038324,0,284.59642
GEMM,2816,0,0.0,234.667,190.3165,0.29581325,70.093,150.9768,0.6434,8,2.27,234.667,24,1.112,24.0468,288.384,0.233568,26.5436,191.211,0.814821,1.2664974,0,284.59642
GEMM,3072,0,0.0,256.0,226.4924,0.38823916,91.7653,149.3462,0.5834,8,2.27,256.0,24,1.112,24.0468,288.384,0.298694,34.1896,194.118,0.758275,1.299789,0,284.59642
GEMM,3328,0,0.0,277.333,265.814,0.48711785,115.373,151.3373,0.5457,8,2.27,277.333,24,1.112,24.0468,288.384,0.381412,43.7098,193.279,0.69692,1.2771435,0,284.59642
GEMM,3584,0,0.0,298.667,308.2813,0.60979509,144.386,150.9907,0.5055,8,2.27,298.667,24,1.112,24.0468,288.384,0.470553,54.3094,195.67,0.655147,1.2959116,1,284.59642
GEMM,3840,0,0.0,320.0,353.8944,0.74507137,176.268,151.9938,0.475,8,2.27,320.0,24,1.112,24.0468,288.384,0.580408,67.3866,195.115,0.609734,1.2837028,0,284.59642
GEMM,4096,0,0.0,341.333,402.6532,0.96636244,226.75,142.223,0.4167,8,2.27,341.333,24,1.112,24.0468,288.384,0.700908,81.7401,196.087,0.574473,1.3787294,0,284.59642
GEMM,4608,0,0.0,384.0,509.6079,1.2894499,305.234,151.762,0.3952,8,2.27,384.0,24,1.112,24.0468,288.384,1.00557,116.971,194.606,0.506787,1.2823074,0,284.59642
GEMM,5120,0,0.0,426.667,629.1456,1.7815425,421.855,150.6759,0.3531,8,2.27,426.667,24,1.112,24.0468,288.384,1.37172,159.886,195.692,0.458654,1.2987654,0,284.59642
GEMM,5632,0,0.0,469.333,761.2662,2.3554193,558.024,151.6875,0.3232,8,2.27,469.333,24,1.112,24.0468,288.384,1.82764,214.703,195.491,0.41653,1.2887764,0,284.59642
GEMM,6144,0,0.0,512.0,905.9697,3.1175013,736.68,148.7911,0.2906,8,2.27,512.0,24,1.112,24.0468,288.384,2.37266,280.021,195.5,0.381836,1.3139267,0,284.59642
GEMM,6656,0,0.0,554.667,1063.2561,3.8835705,920.51,151.8584,0.2738,8,2.27,554.667,24,1.112,24.0468,288.384,3.02115,359.659,195.208,0.351937,1.285461,0,284.59642
GEMM,7168,0,0.0,597.333,1233.1254,4.899864,1159.49,150.328,0.2517,8,2.27,597.333,24,1.112,24.0468,288.384,3.76794,451.996,195.488,0.327268,1.3004093,0,284.59642
GEMM,7680,0,0.0,640.0,1415.5776,5.9695029,1414.99,151.7664,0.2371,8,2.27,640.0,24,1.112,24.0468,288.384,4.62937,561.105,195.701,0.305782,1.2894849,0,284.59642
GEMM,8192,0,0.0,682.667,1610.6127,7.4555701,1763.05,147.4752,0.216,8,2.27,682.667,24,1.112,24.0468,288.384,5.62099,688.752,195.608,0.286536,1.3263803,0,284.59642
GEMM,9216,0,0.0,768.0,2038.4317,10.358283,2455.88,151.1366,0.1968,8,2.27,768.0,24,1.112,24.0468,288.384,8.00662,989.779,195.528,0.254593,1.2937148,0,284.59642
GEMM,10240,0,0.0,853.333,2516.5824,14.354887,3402.8,149.5995,0.1753,8,2.27,853.333,24,1.112,24.0468,288.384,10.9842,1362.22,195.506,0.229108,1.3068669,0,284.59642
GEMM,11264,0,0.0,938.667,3045.0647,18.818852,4466.49,151.885,0.1618,8,2.27,938.667,24,1.112,24.0468,288.384,14.6038,1806.56,195.722,0.208511,1.288627,0,284.59642
GEMM,12288,0,0.0,1024.0,3623.8787,24.622123,5823.69,150.7121,0.1472,8,2.27,1024.0,24,1.112,24.0468,288.384,18.9585,2340.26,195.736,0.191148,1.2987379,0,284.59642
GEMM,13312,0,0.0,1109.33,4253.0243,31.112181,7380.93,151.6455,0.1367,8,2.27,1109.33,24,1.112,24.0468,288.384,24.1059,2994.91,195.721,0.176431,1.2906459,1,284.59642
GEMM,14336,0,0.0,1194.67,4932.5015,39.111167,9273.9,150.6653,0.1261,8,2.27,1194.67,24,1.112,24.0468,288.384,30.093,3736.03,195.816,0.163909,1.2996766,1,284.59642
GEMM,15360,0,0.0,1280.0,5662.3104,47.874059,11357.3,151.3922,0.1183,8,2.27,1280.0,24,1.112,24.0468,288.384,37.0134,4618.08,195.814,0.15298,1.2934251,1,284.59642
GEMM,16384,0,0.0,1365.33,6442.4509,60.868612,14365.5,144.5095,0.1058,8,2.27,684.85236,24,1.112,24.0468,288.384,22.464973,2808.4968,110.55435,2.9672695,2.7094897,1,284.59642
SpMV,1000,10000,0.01,0.142853,0.14,4.4301975e-06,0.000943449,4.5145,31.6022,8,2.27,0.0825824,24,1.112,24.0468,288.384,1.331585e-05,0.0016288625,0.4794285,4.3792,0.33270107,0,284.59642
SpMV,2000,40000,0.01,0.153845,0.52,9.239922e-06,0.00201266,8.6581,56.278,8,2.27,0.09243555,24,1.112,24.0468,288.384,1.492145e-05,0.0016888375,1.646911,12.565508,0.61923754,0,284.59642
SpMV,5000,250000,0.01,0.16129,3.1,3.8914068e-05,0.00861738,12.8488,79.6628,8,2.27,0.10282145,24,1.112,24.0468,288.384,2.34829e-05,0.00255208,3.8570982,28.387463,1.6571236,0,284.59642
SpMV,10000,1000000,0.01,0.163934,12.2,0.00013609864,0.0305004,14.6952,89.6409,8,2.27,0.10794735,24,1.112,24.0468,288.384,4.10326e-05,0.0056353775,7.3921275,52.8825,3.3168417,0,284.59642
SpMV,12500,1562500,0.01,0.164474,19.0,0.00022910157,0.0510354,13.6402,82.9327,8,2.27,0.11136507,24,1.112,24.0468,288.384,5.37083e-05,0.0078031375,8.60267,61.5024,4.2656642,0,284.59642
SpMV,15000,2250000,0.01,0.164835,27.3,0.00032521849,0.072606,13.8369,83.9436,8,2.27,0.11407033,24,1.112,24.0468,288.384,6.8771225e-05,0.010623585,9.5970425,68.73525,4.7289908,0,284.59642
SpMV,60000,36000000,0.01,0.166205,433.2,0.013988421,2.98719,5.1471,30.9685,8,2.27,0.13032547,24,1.112,24.0468,288.384,0.0010056245,0.15598552,14.561618,106.5183,13.910184,0,284.59642
SpMV,75000,56250000,0.01,0.166297,676.5,0.021477605,4.66235,5.238,31.4979,8,2.27,0.13205097,24,1.112,24.0468,288.384,0.0016545889,0.24048425,15.442243,114.4165,12.980629,0,284.59642
SpMV,100000,100000000,0.01,0.166389,1202.0,0.038738887,8.44251,5.1628,31.0283,8,2.27,1.145228,24,1.112,24.0468,288.384,0.0021642772,0.37476802,29.465082,104.07284,17.899226,0,284.59642
SpMV,125000,156250000,0.01,0.166445,1877.5,0.059450111,12.9905,5.2565,31.5811,8,2.27,0.13735163,24,1.112,24.0468,288.384,0.0045384564,0.77404585,17.836535,129.11975,13.099192,0,284.59642
SpMV,150000,225000000,0.01,0.166482,2703.0,0.086579587,18.8968,5.1975,31.2198,8,2.27,0.14006608,24,1.112,24.0468,288.384,0.0065657149,1.1015155,18.182405,127.472,13.18662,0,284.59642
SpMV,200000,400000000,0.01,0.166528,4804.0,0.18770449,40.3798,4.262,25.5934,8,2.27,1.2159124,24,1.112,24.0468,288.384,0.010393967,1.6773151,33.65654,109.00374,18.058985,0,284.59642
SpMV,250000,625000000,0.01,0.166556,7505.0,0.34055162,72.3912,3.6705,22.0378,8,2.27,0.14709225,24,1.112,24.0468,288.384,0.019290446,3.1666282,19.892,135.832,17.653901,0,284.59642
SpMV,300000,900000000,0.01,0.166574,10806.0,0.60527577,127.068,2.9739,17.853,8,2.27,0.1493395,24,1.112,24.0468,288.384,0.028521241,4.6067009,19.666825,132.8695,21.22193,0,284.59642
SpMV,1000,1000,0.001,0.0624922,0.032,2.912856e-06,0.000612792,0.6866,10.9872,8,2.27,0.0825824,24,1.112,24.0468,288.384,1.331585e-05,0.0016288625,0.4794285,4.3792,0.21875104,0,284.59642
SpMV,2000,4000,0.001,0.090905,0.088,3.5716005e-06,0.000757505,2.2399,24.6399,8,2.27,0.09243555,24,1.112,24.0468,288.384,1.492145e-05,0.0016888375,1.646911,12.565508,0.23936015,0,284.59642
SpMV,5000,25000,0.001,0.124999,0.4,1.0469578e-05,0.00211193,4.7757,38.2063,8,2.27,0.10282145,24,1.112,24.0468,288.384,2.34829e-05,0.00255208,3.8570982,28.387463,0.44583838,0,284.59642
SpMV,10000,100000,0.001,0.142857,1.4,2.4791842e-05,0.00530953,8.0672,56.4704,8,2.27,0.10794735,24,1.112,24.0468,288.384,4.10326e-05,0.0056353775,7.3921275,52.8825,0.60419866,0,284.59642
SpMV,12500,156250,0.001,0.147059,2.125,3.5206027e-05,0.00772544,8.8763,60.3591,8,2.27,0.11136507,24,1.112,24.0468,288.384,5.37083e-05,0.0078031375,8.60267,61.5024,0.65550441,0,284.59642
SpMV,15000,225000,0.001,0.15,3.0,4.9455373e-05,0.0108667,9.0991,60.6608,8,2.27,0.11407033,24,1.112,24.0468,288.384,6.8771225e-05,0.010623585,9.5970425,68.73525,0.71912887,0,284.59642
SpMV,60000,3600000,0.001,0.162162,44.4,0.00061299032,0.135355,11.7457,72.4318,8,2.27,0.13032547,24,1.112,24.0468,288.384,0.0010056245,0.15598552,14.561618,106.5183,0.60956187,0,284.59642
SpMV,75000,5625000,0.001,0.163043,69.0,0.001828024,0.391236,6.1542,37.7457,8,2.27,0.13205097,24,1.112,24.0468,288.384,0.0016545889,0.24048425,15.442243,114.4165,1.1048206,0,284.59642
SpMV,100000,10000000,0.001,0.163934,122.0,0.0036701748,0.782304,5.4493,33.2409,8,2.27,1.145228,24,1.112,24.0468,288.384,0.0021642772,0.37476802,29.465082,104.07284,1.695797,0,284.59642
SpMV,125000,15625000,0.001,0.164474,190.0,0.0056913254,1.20951,5.4908,33.3841,8,2.27,0.13735163,24,1.112,24.0468,288.384,0.0045384564,0.77404585,17.836535,129.11975,1.2540223,0,284.59642
SpMV,150000,22500000,0.001,0.164835,273.0,0.0081780277,1.74289,5.5025,33.3821,8,2.27,0.14006608,24,1.112,24.0468,288.384,0.0065657149,1.1015155,18.182405,127.472,1.2455655,0,284.59642
SpMV,200000,40000000,0.001,0.165289,484.0,0.014615424,3.22937,5.4737,33.1157,8,2.27,1.2159124,24,1.112,24.0468,288.384,0.010393967,1.6773151,33.65654,109.00374,1.406145,0,284.59642
SpMV,250000,62500000,0.001,0.165563,755.0,0.022695446,4.87374,5.5077,33.2666,8,2.27,0.14709225,24,1.112,24.0468,288.384,0.019290446,3.1666282,19.892,135.832,1.1765122,0,284.59642
SpMV,300000,90000000,0.001,0.165746,1086.0,0.03312652,7.13606,5.4337,32.7834,8,2.27,0.1493395,24,1.112,24.0468,288.384,0.028521241,4.6067009,19.666825,132.8695,1.1614684,0,284.59642
SpMV,400000,160000000,0.001,0.165975,1928.0,0.059625832,12.978,5.3668,32.335,8,2.27,1.5647805,24,1.112,24.0468,288.384,0.003957745,0.68718195,41.52065,113.05837,15.065607,0,284.59642
SpMV,500000,250000000,0.001,0.166113,3010.0,0.094374507,20.5957,5.298,31.8942,8,2.27,0.150801,24,1.112,24.0468,288.384,0.0075498303,1.306483,22.117967,147.13267,12.500216,0,284.59642
SpMV,1000000,1000000000,0.001,0.166389,12020.0,0.46698215,100.233,4.2828,25.7397,8,2.27,0.15772667,24,1.112,24.0468,288.384,0.035582853,5.9811337,22.355167,142.32033,13.123797,0,284.59642
SpMV,1000,1000,0.0001,0.0624922,0.032,2.817905e-06,0.000586333,0.7097,11.3574,8,2.27,0.0825824,24,1.112,24.0468,288.384,1.331585e-05,0.0016288625,0.4794285,4.3792,0.21162036,0,284.59642
SpMV,2000,2000,0.0001,0.0624961,0.064,3.2106565e-06,0.000673918,1.2459,19.9349,8,2.27,0.09243555,24,1.112,24.0468,288.384,1.492145e-05,0.0016888375,1.646911,12.565508,0.21517054,0,284.59642
SpMV,5000,5000,0.0001,0.0624984,0.16,4.665017e-06,0.000951291,2.1436,34.2987,8,2.27,0.10282145,24,1.112,24.0468,288.384,2.34829e-05,0.00255208,3.8570982,28.387463,0.19865592,0,284.59642
SpMV,10000,10000,0.0001,0.0624992,0.32,7.579669e-06,0.00150805,2.6386,42.2187,8,2.27,0.10794735,24,1.112,24.0468,288.384,4.10326e-05,0.0056353775,7.3921275,52.8825,0.1847231,0,284.59642
SpMV,12500,15625,0.0001,0.0714279,0.4375,9.869892e-06,0.00209729,3.1662,44.3271,8,2.27,0.11136507,24,1.112,24.0468,288.384,5.37083e-05,0.0078031375,8.60267,61.5024,0.18376847,0,284.59642
SpMV,15000,22500,0.0001,0.0789468,0.57,1.1760107e-05,0.00250497,3.8265,48.4693,8,2.27,0.11407033,24,1.112,24.0468,288.384,6.8771225e-05,0.010623585,9.5970425,68.73525,0.17100332,0,284.59642
SpMV,60000,360000,0.0001,0.130435,5.52,8.9501368e-05,0.0195191,8.0446,61.6751,8,2.27,0.13032547,24,1.112,24.0468,288.384,0.0010056245,0.15598552,14.561618,106.5183,0.089000788,0,284.59642
SpMV,75000,562500,0.0001,0.136364,8.25,0.00015704341,0.033905,7.1636,52.5333,8,2.27,0.13205097,24,1.112,24.0468,288.384,0.0016545889,0.24048425,15.442243,114.4165,0.094913851,0,284.59642
SpMV,100000,1000000,0.0001,0.142857,14.0,0.00019394881,0.043113,10.312,72.184,8,2.27,1.145228,24,1.112,24.0468,288.384,0.0021642772,0.37476802,29.465082,104.07284,0.089613662,0,284.59642
SpMV,125000,1562500,0.0001,0.147059,21.25,0.00032626993,0.0720014,9.578,65.1301,8,2.27,0.13735163,24,1.112,24.0468,288.384,0.0045384564,0.77404585,17.836535,129.11975,0.071890065,0,284.59642
SpMV,150000,2250000,0.0001,0.15,30.0,0.00046931086,0.103513,9.5885,63.9235,8,2.27,0.14006608,24,1.112,24.0468,288.384,0.0065657149,1.1015155,18.182405,127.472,0.071479019,0,284.59642
SpMV,200000,4000000,0.0001,0.153846,52.0,0.00094404268,0.207537,8.4742,55.0823,8,2.27,1.2159124,24,1.112,24.0468,288.384,0.010393967,1.6773151,33.65654,109.00374,0.090826024,0,284.59642
SpMV,250000,6250000,0.0001,0.15625,80.0,0.0022837464,0.485645,5.4735,35.0302,8,2.27,0.14709225,24,1.112,24.0468,288.384,0.019290446,3.1666282,19.892,135.832,0.11838743,0,284.59642
SpMV,300000,9000000,0.0001,0.157895,114.0,0.0034622842,0.736644,5.1989,32.9262,8,2.27,0.1493395,24,1.112,24.0468,288.384,0.028521241,4.6067009,19.666825,132.8695,0.12139318,0,284.59642
SpMV,400000,16000000,0.0001,0.16,200.0,0.0061379735,1.30194,5.2134,32.584,8,2.27,1.5647805,24,1.112,24.0468,288.384,0.003957745,0.68718195,41.52065,113.05837,1.5508765,0,284.59642
SpMV,500000,25000000,0.0001,0.16129,310.0,0.0092943733,1.97599,5.3796,33.3535,8,2.27,0.150801,24,1.112,24.0468,288.384,0.0075498303,1.306483,22.117967,147.13267,1.2310705,0,284.59642
SpMV,1000000,100000000,0.0001,0.163934,1220.0,0.036301157,7.87411,5.5095,33.6077,8,2.27,0.15772667,24,1.112,24.0468,288.384,0.035582853,5.9811337,22.355167,142.32033,1.0201868,0,284.59642
SpMV,2000000,400000000,0.0001,0.165289,4840.0,0.14534311,31.4463,5.5042,33.3005,8,2.27,0.1595675,24,1.112,24.0468,288.384,0.01774859,3.1313435,23.9684,150.1715,8.188995,0,284.59642
SpMV,1000,1000,1e-05,0.0624922,0.032,2.827033e-06,0.000580504,0.7075,11.3207,8,2.27,0.0825824,24,1.112,24.0468,288.384,1.331585e-05,0.0016288625,0.4794285,4.3792,0.21230586,0,284.59642
SpMV,2000,2000,1e-05,0.0624961,0.064,3.2308565e-06,0.00067639,1.2381,19.8102,8,2.27,0.09243555,24,1.112,24.0468,288.384,1.492145e-05,0.0016888375,1.646911,12.565508,0.2165243,0,284.59642
SpMV,5000,5000,1e-05,0.0624984,0.16,4.570014e-06,0.00096002,2.1882,35.0117,8,2.27,0.10282145,24,1.112,24.0468,288.384,2.34829e-05,0.00255208,3.8570982,28.387463,0.19461029,0,284.59642
SpMV,10000,10000,1e-05,0.0624992,0.32,6.6943375e-06,0.00142566,2.9876,47.8022,8,2.27,0.10794735,24,1.112,24.0468,288.384,4.10326e-05,0.0056353775,7.3921275,52.8825,0.1631468,0,284.59642
SpMV,12500,12500,1e-05,0.0624994,0.4,7.8253545e-06,0.00166235,3.1947,51.1164,8,2.27,0.11136507,24,1.112,24.0468,288.384,5.37083e-05,0.0078031375,8.60267,61.5024,0.14570103,0,284.59642
SpMV,15000,15000,1e-05,0.0624995,0.48,8.8173765e-06,0.00188311,3.4024,54.4384,8,2.27,0.11407033,24,1.112,24.0468,288.384,6.8771225e-05,0.010623585,9.5970425,68.73525,0.12821317,0,284.59642
SpMV,60000,60000,1e-05,0.0624999,1.92,2.8795763e-05,0.00622017,4.1673,66.6766,8,2.27,0.13032547,24,1.112,24.0468,288.384,0.0010056245,0.15598552,14.561618,106.5183,0.028634708,0,284.59642
SpMV,75000,75000,1e-05,0.0624999,2.4,3.570168e-05,0.00774165,4.2015,67.2238,8,2.27,0.13205097,24,1.112,24.0468,288.384,0.0016545889,0.24048425,15.442243,114.4165,0.021577371,0,284.59642
SpMV,100000,100000,1e-05,0.0624999,3.2,4.5931941e-05,0.0100283,4.3543,69.6684,8,2.27,1.145228,24,1.112,24.0468,288.384,0.0021642772,0.37476802,29.465082,104.07284,0.021222762,0,284.59642
SpMV,125000,156250,1e-05,0.0714285,4.375,7.9650127e-05,0.0171496,3.9234,54.9278,8,2.27,0.13735163,24,1.112,24.0468,288.384,0.0045384564,0.77404585,17.836535,129.11975,0.017550048,0,284.59642
SpMV,150000,225000,1e-05,0.0789473,5.7,9.7731558e-05,0.02117,4.6044,58.3231,8,2.27,0.14006608,24,1.112,24.0468,288.384,0.0065657149,1.1015155,18.182405,127.472,0.014885136,0,284.59642
SpMV,200000,400000,1e-05,0.090909,8.8,0.00012878675,0.0281876,6.2118,68.33,8,2.27,1.2159124,24,1.112,24.0468,288.384,0.010393967,1.6773151,33.65654,109.00374,0.012390529,0,284.59642
SpMV,250000,625000,1e-05,0.1,12.5,0.00020203472,0.0439258,6.1871,61.8706,8,2.27,0.14709225,24,1.112,24.0468,288.384,0.019290446,3.1666282,19.892,135.832,0.010473305,0,284.59642
SpMV,300000,900000,1e-05,0.107143,16.8,0.00023941732,0.0525923,7.5183,70.1704,8,2.27,0.1493395,24,1.112,24.0468,288.384,0.028521241,4.6067009,19.666825,132.8695,0.0083943516,0,284.59642
SpMV,400000,1600000,1e-05,0.117647,27.2,0.00041122498,0.0900885,7.7816,66.1439,8,2.27,1.5647805,24,1.112,24.0468,288.384,0.003957745,0.68718195,41.52065,113.05837,0.10390386,0,284.59642
SpMV,500000,2500000,1e-05,0.125,40.0,0.00074557343,0.155785,6.7062,53.65,8,2.27,0.150801,24,1.112,24.0468,288.384,0.0075498303,1.306483,22.117967,147.13267,0.098753667,0,284.59642
SpMV,1000000,10000000,1e-05,0.142857,140.0,0.0043198741,0.924001,4.6298,32.4084,8,2.27,0.15772667,24,1.112,24.0468,288.384,0.035582853,5.9811337,22.355167,142.32033,0.12140326,0,284.59642
SpMV,2000000,40000000,1e-05,0.153846,520.0,0.016022559,3.41411,4.993,32.4542,8,2.27,0.1595675,24,1.112,24.0468,288.384,0.01774859,3.1313435,23.9684,150.1715,0.90275107,0,284.59642
SpMV,5000000,250000000,1e-05,0.16129,3100.0,0.092536074,20.1257,5.4033,33.5004,8,2.27,0.16129,24,1.112,24.0468,288.384,0.022162,3.75052,22.5611,139.879,4.1754388,0,284.59642
SpMV,10000000,1000000000,1e-05,0.163934,12200.0,0.36462796,79.5484,5.485,33.4588,8,2.27,0.163934,24,1.112,24.0468,288.384,0.0806244,14.0544,24.8064,151.319,4.5225511,0,284.59642
FFT,16384,0,0.0,4.37473,0.2622,3.1414345e-05,0.00674691,36.5082,8.3452,8,2.27,684.85236,24,1.112,24.0468,288.384,22.464973,2808.4968,110.55435,2.9672695,1.39837e-06,0,284.59642
FFT,24000,0,0.0,4.54692,0.384,5.4662758e-05,0.0117547,31.9429,7.0252,8,2.27,4.54692,24,1.112,24.0468,288.384,4.41078e-05,0.00392824,39.5868,8.7063,1.2392991,1,284.59642
FFT,32768,0,0.0,4.68736,0.5243,5.5263403e-05,0.0119541,44.4707,9.4874,8,2.27,4.68736,24,1.112,24.0468,288.384,5.31416e-05,0.00544762,46.2462,9.86616,1.0399273,1,284.59642
FFT,48000,0,0.0,4.85951,0.768,9.7466515e-05,0.0210808,38.2919,7.8798,8,2.27,4.85951,24,1.112,24.0468,288.384,5.86713e-05,0.00645158,63.6117,13.0902,1.6612298,0,284.59642
FFT,65536,0,0.0,4.99992,1.0486,9.6660624e-05,0.0212902,54.2401,10.8482,8,2.27,4.99992,24,1.112,24.0468,288.384,5.54251e-05,0.00588468,94.5939,18.9191,1.7439865,1,284.59642
FFT,100000,0,0.0,5.19046,1.6,0.0001955541,0.0426463,42.4681,8.182,8,2.27,1.145228,24,1.112,24.0468,288.384,0.0021642772,0.37476802,29.465082,104.07284,0.090355384,0,284.59642
FFT,131072,0,0.0,5.31246,2.0972,0.00018319786,0.0405891,60.8147,11.4476,8,2.27,5.31246,24,1.112,24.0468,288.384,9.75757e-05,0.0107697,114.179,21.4927,1.8774947,1,284.59642
FFT,200000,0,0.0,5.50299,3.2,0.00036789938,0.080698,47.8654,8.6981,8,2.27,1.2159124,24,1.112,24.0468,288.384,0.010393967,1.6773151,33.65654,109.00374,0.035395474,0,284.59642
FFT,262144,0,0.0,5.62498,4.1943,0.00035856744,0.0799777,65.7978,11.6974,8,2.27,5.62498,24,1.112,24.0468,288.384,0.000192364,0.0231379,122.648,21.8041,1.8640049,0,284.59642
FFT,400000,0,0.0,5.8155,6.4,0.00076989485,0.169098,48.3433,8.3128,8,2.27,1.5647805,24,1.112,24.0468,288.384,0.003957745,0.68718195,41.52065,113.05837,0.19452867,0,284.59642
FFT,524288,0,0.0,5.93749,8.3886,0.00075042415,0.167492,66.3723,11.1785,8,2.27,5.93749,24,1.112,24.0468,288.384,0.00038999,0.0486417,127.714,21.5098,1.9242138,0,284.59642
FFT,800000,0,0.0,6.128,12.8,0.0015109697,0.333031,51.9127,8.4714,8,2.27,6.128,24,1.112,24.0468,288.384,0.000723228,0.0924569,108.456,17.6985,2.0892024,0,284.59642
FFT,1048576,0,0.0,6.24999,16.7772,0.0017676083,0.377929,59.3217,9.4915,8,2.27,6.24999,24,1.112,24.0468,288.384,0.000768862,0.101658,136.38,21.8209,2.2989929,0,284.59642
FFT,1600000,0,0.0,6.44051,25.6,0.0041014863,0.869215,40.1994,6.2416,8,2.27,6.44051,24,1.112,24.0468,288.384,0.00134152,0.193013,122.903,19.0828,3.0573426,0,284.59642
FFT,2097152,0,0.0,6.5625,33.5544,0.0092538179,1.90593,23.7957,3.626,8,2.27,6.5625,24,1.112,24.0468,288.384,0.00147009,0.202281,149.787,22.8248,6.2947288,0,284.59642
FFT,3000000,0,0.0,6.72391,48.0,0.012815937,2.6684,25.1833,3.7453,8,2.27,6.72391,24,1.112,24.0468,288.384,0.00294057,0.417231,109.757,16.3233,4.3583174,0,284.59642
FFT,3200000,0,0.0,6.75301,51.2,0.013178363,2.75232,26.2365,3.8852,8,2.27,6.75301,24,1.112,24.0468,288.384,0.00288088,0.392353,120.017,17.7723,4.5744226,0,284.59642
FFT,4194304,0,0.0,6.875,67.1089,0.028277259,5.77507,16.3161,2.3732,8,2.27,6.875,24,1.112,24.0468,288.384,0.00292522,0.396656,157.723,22.9415,9.666712,0,284.59642
FFT,6000000,0,0.0,7.03641,96.0,0.029815877,4.8632,22.6556,3.2198,8,2.27,7.03641,24,1.112,24.0468,288.384,0.00581424,0.803513,116.18,16.5112,5.1280781,0,284.59642
FFT,6400000,0,0.0,7.06551,102.4,0.03430878,5.46822,21.0881,2.9847,8,2.27,7.06551,24,1.112,24.0468,288.384,0.00541899,0.772385,133.513,18.8965,6.3312131,0,284.59642
FFT,8388608,0,0.0,7.1875,134.2177,0.07474341,11.8433,12.9067,1.7957,8,2.27,7.1875,24,1.112,24.0468,288.384,0.00567426,0.796491,170.012,23.6538,13.172363,0,284.59642
FFT,12000000,0,0.0,7.34892,192.0,0.060820716,10.1784,23.1992,3.1568,8,2.27,7.34892,24,1.112,24.0468,288.384,0.0117434,1.63836,120.152,16.3497,5.1791403,0,284.59642
FFT,12800000,0,0.0,7.37801,204.8,0.064346914,11.4806,23.4824,3.1827,8,2.27,7.37801,24,1.112,24.0468,288.384,0.0107729,1.52701,140.261,19.0106,5.9730355,0,284.59642
FFT,16777216,0,0.0,7.5,268.4355,0.17152603,33.4841,11.7374,1.565,8,2.27,7.5,24,1.112,24.0468,288.384,0.0109682,1.54302,183.556,24.4741,15.638485,0,284.59642
FFT,25000000,0,0.0,7.67982,400.0,0.12459145,25.6463,24.656,3.2105,8,2.27,7.67982,24,1.112,24.0468,288.384,0.0240498,3.36435,127.732,16.6321,5.1805606,0,284.59642
FFT,33554432,0,0.0,7.8125,536.8709,0.34910466,69.5204,12.0145,1.5379,8,2.27,7.8125,24,1.112,24.0468,288.384,0.0214439,3.06443,195.594,25.036,16.279905,0,284.59642
FFT,50000000,0,0.0,7.99232,800.0,0.26641561,51.1888,23.9996,3.0028,8,2.27,7.99232,24,1.112,24.0468,288.384,0.0488895,6.8855,130.782,16.3634,5.449342,0,284.59642
FFT,67108864,0,0.0,8.125,1073.7418,0.69051806,131.893,12.6342,1.555,8,2.27,8.125,24,1.112,24.0468,288.384,0.049234,7.11625,177.198,21.809,14.025228,0,284.59642
GEMM,1024,0,0.0,85.3333,25.1658,0.0089194634,2.09066,240.7638,2.8215,16,2.27,85.3333,24,1.112,24.0468,288.384,0.0144698,1.76946,148.411,1.73919,0.61641926,0,197.51414
GEMM,1152,0,0.0,96.0,31.8505,0.013999581,2.99087,218.4099,2.2751,16,2.27,96.0,24,1.112,24.0468,288.384,0.0188809,2.16274,161.944,1.68691,0.74146789,0,197.51414
GEMM,1280,0,0.0,106.667,39.3216,0.018233875,4.19961,230.0281,2.1565,16,2.27,106.667,24,1.112,24.0468,288.384,0.0253834,3.29951,165.238,1.5491,0.71833854,0,197.51414
GEMM,1408,0,0.0,117.333,47.5791,0.025736389,5.44028,216.9154,1.8487,16,2.27,117.333,24,1.112,24.0468,288.384,0.0321002,3.41919,173.912,1.48221,0.80175168,0,197.51414
GEMM,1536,0,0.0,128.0,56.6231,0.031797535,6.98127,227.9346,1.7807,16,2.27,128.0,24,1.112,24.0468,288.384,0.0375119,4.58638,193.212,1.50947,0.84766527,0,197.51414
GEMM,1664,0,0.0,138.667,66.4535,0.037514967,8.45839,245.6323,1.7714,16,2.27,138.667,24,1.112,24.0468,288.384,0.049558,5.61634,185.941,1.34092,0.75699113,0,197.51414
GEMM,1792,0,0.0,149.333,77.0703,0.043283588,11.6318,265.9015,1.7806,16,2.27,149.333,24,1.112,24.0468,288.384,0.0640162,7.05879,179.785,1.20392,0.67613492,0,197.51414
GEMM,1920,0,0.0,160.0,88.4736,0.056204781,14.2779,251.8607,1.5741,16,2.27,160.0,24,1.112,24.0468,288.384,0.0765134,8.50078,185.011,1.15632,0.73457434,0,197.51414
GEMM,2048,0,0.0,170.667,100.6633,0.063073537,16.9881,272.3784,1.596,16,2.27,170.667,24,1.112,24.0468,288.384,0.0901351,11.0393,190.601,1.11681,0.69976665,0,197.51414
GEMM,2304,0,0.0,192.0,127.402,0.087352248,23.7984,280.0292,1.4585,16,2.27,192.0,24,1.112,24.0468,288.384,0.128224,14.8497,190.769,0.993589,0.68124726,0,197.51414
GEMM,2560,0,0.0,213.333,157.2864,0.1208629,32.9141,277.6239,1.3014,16,2.27,213.333,24,1.112,24.0468,288.384,0.173144,20.292,193.795,0.908416,0.69804846,0,197.51414
GEMM,2816,0,0.0,234.667,190.3165,0.15763103,43.157,283.3259,1.2074,16,2.27,234.667,24,1.112,24.0468,288.384,0.233568,26.5436,191.211,0.814821,0.67488282,0,197.51414
GEMM,3072,0,0.0,256.0,226.4924,0.21106522,57.5917,274.7116,1.0731,16,2.27,256.0,24,1.112,24.0468,288.384,0.298694,34.1896,194.118,0.758275,0.70662692,0,197.51414
GEMM,3328,0,0.0,277.333,265.814,0.25583903,70.8358,288.1464,1.039,16,2.27,277.333,24,1.112,24.0468,288.384,0.381412,43.7098,193.279,0.69692,0.67076817,0,197.51414
GEMM,3584,0,0.0,298.667,308.2813,0.32073874,88.783,287.0665,0.9612,16,2.27,298.667,24,1.112,24.0468,288.384,0.470553,54.3094,195.67,0.655147,0.68162087,0,197.51414
GEMM,3840,0,0.0,320.0,353.8944,0.39105481,109.632,289.5917,0.905,16,2.27,320.0,24,1.112,24.0468,288.384,0.580408,67.3866,195.115,0.609734,0.67375847,0,197.51414
GEMM,4096,0,0.0,341.333,402.6532,0.51064492,140.867,269.1478,0.7885,16,2.27,341.333,24,1.112,24.0468,288.384,0.700908,81.7401,196.087,0.574473,0.72854771,0,197.51414
GEMM,4608,0,0.0,384.0,509.6079,0.68300157,190.493,286.5139,0.7461,16,2.27,384.0,24,1.112,24.0468,288.384,1.00557,116.971,194.606,0.506787,0.67921832,0,197.51414
GEMM,5120,0,0.0,426.667,629.1456,0.93147426,260.628,288.1834,0.6754,16,2.27,426.667,24,1.112,24.0468,288.384,1.37172,159.886,195.692,0.458654,0.67905569,0,197.51414
GEMM,5632,0,0.0,469.333,761.2662,1.2266881,343.418,291.262,0.6206,16,2.27,469.333,24,1.112,24.0468,288.384,1.82764,214.703,195.491,0.41653,0.67118696,0,197.51414
GEMM,6144,0,0.0,512.0,905.9697,1.654468,460.588,280.3659,0.5476,16,2.27,512.0,24,1.112,24.0468,288.384,2.37266,280.021,195.5,0.381836,0.69730514,0,197.51414
GEMM,6656,0,0.0,554.667,1063.2561,2.0151434,565.308,292.6604,0.5276,16,2.27,554.667,24,1.112,24.0468,288.384,3.02115,359.659,195.208,0.351937,0.66701203,0,197.51414
GEMM,7168,0,0.0,597.333,1233.1254,2.5431585,711.941,289.6347,0.4849,16,2.27,597.333,24,1.112,24.0468,288.384,3.76794,451.996,195.488,0.327268,0.67494666,0,197.51414
GEMM,7680,0,0.0,640.0,1415.5776,3.1072823,870.448,291.5634,0.4556,16,2.27,640.0,24,1.112,24.0468,288.384,4.62937,561.105,195.701,0.305782,0.67121062,0,197.51414
GEMM,8192,0,0.0,682.667,1610.6127,3.9765458,1102.97,276.4992,0.405,16,2.27,682.667,24,1.112,24.0468,288.384,5.62099,688.752,195.608,0.286536,0.7074458,0,197.51414
GEMM,9216,0,0.0,768.0,2038.4317,5.3953121,1510.12,290.1622,0.3778,16,2.27,768.0,24,1.112,24.0468,288.384,8.00662,989.779,195.528,0.254593,0.6738564,0,197.51414
GEMM,10240,0,0.0,853.333,2516.5824,7.535469,2100.74,284.9834,0.334,16,2.27,853.333,24,1.112,24.0468,288.384,10.9842,1362.22,195.506,0.229108,0.68602803,0,197.51414
GEMM,11264,0,0.0,938.667,3045.0647,9.7664656,2735.46,292.6648,0.3118,16,2.27,938.667,24,1.112,24.0468,288.384,14.6038,1806.56,195.722,0.208511,0.66876194,0,197.51414
GEMM,12288,0,0.0,1024.0,3623.8787,13.269181,3689.27,279.6594,0.2731,16,2.27,1024.0,24,1.112,24.0468,288.384,18.9585,2340.26,195.736,0.191148,0.69990669,0,197.51414
GEMM,13312,0,0.0,1109.33,4253.0243,16.126201,4517.74,292.5687,0.2637,16,2.27,1109.33,24,1.112,24.0468,288.384,24.1059,2994.91,195.721,0.176431,0.66897318,0,197.51414
GEMM,14336,0,0.0,1194.67,4932.5015,20.384831,5763.69,289.0725,0.242,16,2.27,1194.67,24,1.112,24.0468,288.384,30.093,3736.03,195.816,0.163909,0.67739446,0,197.51414
GEMM,15360,0,0.0,1280.0,5662.3104,24.791271,6977.22,292.3512,0.2284,16,2.27,1280.0,24,1.112,24.0468,288.384,37.0134,4618.08,195.814,0.15298,0.66979179,0,197.51414
GEMM,16384,0,0.0,1365.33,6442.4509,32.226672,8935.42,272.9445,0.1999,16,2.27,684.85236,24,1.112,24.0468,288.384,22.464973,2808.4968,110.55435,2.9672695,1.4345297,1,197.51414
SpMV,1000,10000,0.01,0.142853,0.14,4.4890245e-06,0.00102249,4.4553,31.1881,16,2.27,0.0825824,24,1.112,24.0468,288.384,1.331585e-05,0.0016288625,0.4794285,4.3792,0.33711888,0,197.51414
SpMV,2000,40000,0.01,0.153845,0.52,7.2437185e-06,0.00167947,11.0441,71.7869,16,2.27,0.09243555,24,1.112,24.0468,288.384,1.492145e-05,0.0016888375,1.646911,12.565508,0.48545674,0,197.51414
SpMV,5000,250000,0.01,0.16129,3.1,2.4522391e-05,0.00585793,20.3895,126.4152,16,2.27,0.10282145,24,1.112,24.0468,288.384,2.34829e-05,0.00255208,3.8570982,28.387463,1.0442658,0,197.51414
SpMV,10000,1000000,0.01,0.163934,12.2,8.3933694e-05,0.020624,23.8283,145.3529,16,2.27,0.10794735,24,1.112,24.0468,288.384,4.10326e-05,0.0056353775,7.3921275,52.8825,2.0455368,0,197.51414
SpMV,12500,1562500,0.01,0.164474,19.0,0.00013104084,0.032113,23.8475,144.993,16,2.27,0.11136507,24,1.112,24.0468,288.384,5.37083e-05,0.0078031375,8.60267,61.5024,2.4398621,0,197.51414
SpMV,15000,2250000,0.01,0.164835,27.3,0.00016960838,0.043472,26.5317,160.959,16,2.27,0.11407033,24,1.112,24.0468,288.384,6.8771225e-05,0.010623585,9.5970425,68.73525,2.4662696,0,197.51414
SpMV,60000,36000000,0.01,0.166205,433.2,0.011628109,2.70242,6.1919,37.2546,16,2.27,0.13032547,24,1.112,24.0468,288.384,0.0010056245,0.15598552,14.561618,106.5183,11.563073,0,197.51414
SpMV,75000,56250000,0.01,0.166297,676.5,0.018088377,4.2202,6.2195,37.3997,16,2.27,0.13205097,24,1.112,24.0468,288.384,0.0016545889,0.24048425,15.442243,114.4165,10.932248,0,197.51414
SpMV,100000,100000000,0.01,0.166389,1202.0,0.032137676,7.60468,6.2232,37.4016,16,2.27,1.145228,24,1.112,24.0468,288.384,0.0021642772,0.37476802,29.465082,104.07284,14.849149,0,197.51414
SpMV,125000,156250000,0.01,0.166445,1877.5,0.050002574,11.9193,6.2497,37.5481,16,2.27,0.13735163,24,1.112,24.0468,288.384,0.0045384564,0.77404585,17.836535,129.11975,11.017529,0,197.51414
SpMV,150000,225000000,0.01,0.166482,2703.0,0.072478436,23.4469,6.2087,37.2939,16,2.27,0.14006608,24,1.112,24.0468,288.384,0.0065657149,1.1015155,18.182405,127.472,11.038925,0,197.51414
SpMV,200000,400000000,0.01,0.166528,4804.0,0.12939013,43.326,6.1829,37.128,16,2.27,1.2159124,24,1.112,24.0468,288.384,0.010393967,1.6773151,33.65654,109.00374,12.44858,0,197.51414
SpMV,250000,625000000,0.01,0.166556,7505.0,0.21705265,83.4876,5.759,34.5769,16,2.27,0.14709225,24,1.112,24.0468,288.384,0.019290446,3.1666282,19.892,135.832,11.251821,0,197.51414
SpMV,300000,900000000,0.01,0.166574,10806.0,0.36203268,139.919,4.9719,29.8481,16,2.27,0.1493395,24,1.112,24.0468,288.384,0.028521241,4.6067009,19.666825,132.8695,12.69344,1,197.51414
SpMV,1000,1000,0.001,0.0624922,0.032,3.6761015e-06,0.0010318,0.5441,8.706,16,2.27,0.0825824,24,1.112,24.0468,288.384,1.331585e-05,0.0016288625,0.4794285,4.3792,0.27606961,0,197.51414
SpMV,2000,4000,0.001,0.090905,0.088,4.0643605e-06,0.00113266,1.9683,21.6526,16,2.27,0.09243555,24,1.112,24.0468,288.384,1.492145e-05,0.0016888375,1.646911,12.565508,0.27238375,0,197.51414
SpMV,5000,25000,0.001,0.124999,0.4,7.502001e-06,0.00207586,6.6649,53.3196,16,2.27,0.10282145,24,1.112,24.0468,288.384,2.34829e-05,0.00255208,3.8570982,28.387463,0.31946655,0,197.51414
SpMV,10000,100000,0.001,0.142857,1.4,1.6229384e-05,0.00474385,12.3233,86.2635,16,2.27,0.10794735,24,1.112,24.0468,288.384,4.10326e-05,0.0056353775,7.3921275,52.8825,0.39552414,0,197.51414
SpMV,12500,156250,0.001,0.147059,2.125,2.1079449e-05,0.00651448,14.8249,100.8093,16,2.27,0.11136507,24,1.112,24.0468,288.384,5.37083e-05,0.0078031375,8.60267,61.5024,0.39248029,0,197.51414
SpMV,15000,225000,0.001,0.15,3.0,2.9087936e-05,0.00856165,15.4703,103.1357,16,2.27,0.11407033,24,1.112,24.0468,288.384,6.8771225e-05,0.010623585,9.5970425,68.73525,0.42296667,0,197.51414
SpMV,60000,3600000,0.001,0.162162,44.4,0.00034532916,0.0978623,20.8497,128.573,16,2.27,0.13032547,24,1.112,24.0468,288.384,0.0010056245,0.15598552,14.561618,106.5183,0.34339774,0,197.51414
SpMV,75000,5625000,0.001,0.163043,69.0,0.0015579855,0.453342,7.2209,44.288,16,2.27,0.13205097,24,1.112,24.0468,288.384,0.0016545889,0.24048425,15.442243,114.4165,0.94161483,0,197.51414
SpMV,100000,10000000,0.001,0.163934,122.0,0.0036865136,1.43747,5.4252,33.0936,16,2.27,1.145228,24,1.112,24.0468,288.384,0.0021642772,0.37476802,29.465082,104.07284,1.7033463,0,197.51414
SpMV,125000,15625000,0.001,0.164474,190.0,0.0056088319,2.24642,5.5716,33.8751,16,2.27,0.13735163,24,1.112,24.0468,288.384,0.0045384564,0.77404585,17.836535,129.11975,1.2358457,0,197.51414
SpMV,150000,22500000,0.001,0.164835,273.0,0.0075374005,2.24512,5.9702,36.2194,16,2.27,0.14006608,24,1.112,24.0468,288.384,0.0065657149,1.1015155,18.182405,127.472,1.1479939,0,197.51414
SpMV,200000,40000000,0.001,0.165289,484.0,0.013170646,3.69217,6.0741,36.7484,16,2.27,1.2159124,24,1.112,24.0468,288.384,0.010393967,1.6773151,33.65654,109.00374,1.2671434,0,197.51414
SpMV,250000,62500000,0.001,0.165563,755.0,0.021673611,7.93587,5.7674,34.835,16,2.27,0.14709225,24,1.112,24.0468,288.384,0.019290446,3.1666282,19.892,135.832,1.1235412,0,197.51414
SpMV,300000,90000000,0.001,0.165746,1086.0,0.030290016,11.7306,5.9426,35.8534,16,2.27,0.1493395,24,1.112,24.0468,288.384,0.028521241,4.6067009,19.666825,132.8695,1.0620161,0,197.51414
SpMV,400000,160000000,0.001,0.165975,1928.0,0.054649686,21.6242,5.8555,35.2793,16,2.27,1.5647805,24,1.112,24.0468,288.384,0.003957745,0.68718195,41.52065,113.05837,13.808289,0,197.51414
SpMV,500000,250000000,0.001,0.166113,3010.0,0.080453256,29.9521,6.2148,37.413,16,2.27,0.150801,24,1.112,24.0468,288.384,0.0075498303,1.306483,22.117967,147.13267,10.6563,0,197.51414
SpMV,1000000,1000000000,0.001,0.166389,12020.0,0.32628574,110.142,6.1296,36.8389,16,2.27,0.15772667,24,1.112,24.0468,288.384,0.035582853,5.9811337,22.355167,142.32033,9.1697465,0,197.51414
SpMV,1000,1000,0.0001,0.0624922,0.032,3.8325305e-06,0.001056,0.5218,8.3506,16,2.27,0.0825824,24,1.112,24.0468,288.384,1.331585e-05,0.0016288625,0.4794285,4.3792,0.28781719,0,197.51414
SpMV,2000,2000,0.0001,0.0624961,0.064,4.1506195e-06,0.00116452,0.9637,15.4203,16,2.27,0.09243555,24,1.112,24.0468,288.384,1.492145e-05,0.0016888375,1.646911,12.565508,0.27816462,0,197.51414
SpMV,5000,5000,0.0001,0.0624984,0.16,5.0720735e-06,0.00142086,1.9716,31.5461,16,2.27,0.10282145,24,1.112,24.0468,288.384,2.34829e-05,0.00255208,3.8570982,28.387463,0.21599008,0,197.51414
SpMV,10000,10000,0.0001,0.0624992,0.32,5.8207775e-06,0.00175869,3.436,54.9762,16,2.27,0.10794735,24,1.112,24.0468,288.384,4.10326e-05,0.0056353775,7.3921275,52.8825,0.14185739,0,197.51414
SpMV,12500,15625,0.0001,0.0714279,0.4375,7.6204405e-06,0.00232958,4.1008,57.4119,16,2.27,0.11136507,24,1.112,24.0468,288.384,5.37083e-05,0.0078031375,8.60267,61.5024,0.14188571,0,197.51414
SpMV,15000,22500,0.0001,0.0789468,0.57,8.5974565e-06,0.00274972,5.2341,66.2991,16,2.27,0.11407033,24,1.112,24.0468,288.384,6.8771225e-05,0.010623585,9.5970425,68.73525,0.12501532,0,197.51414
SpMV,60000,360000,0.0001,0.130435,5.52,5.2029349e-05,0.0184744,13.8383,106.094,16,2.27,0.13032547,24,1.112,24.0468,288.384,0.0010056245,0.15598552,14.561618,106.5183,0.051738349,0,197.51414
SpMV,75000,562500,0.0001,0.136364,8.25,8.8430263e-05,0.0361179,12.7219,93.2939,16,2.27,0.13205097,24,1.112,24.0468,288.384,0.0016545889,0.24048425,15.442243,114.4165,0.053445457,0,197.51414
SpMV,100000,1000000,0.0001,0.142857,14.0,0.00010542141,0.0463047,18.9715,132.8004,16,2.27,1.145228,24,1.112,24.0468,288.384,0.0021642772,0.37476802,29.465082,104.07284,0.048709751,0,197.51414
SpMV,125000,1562500,0.0001,0.147059,21.25,0.00017337128,0.0663516,18.0249,122.5693,16,2.27,0.13735163,24,1.112,24.0468,288.384,0.0045384564,0.77404585,17.836535,129.11975,0.038200495,0,197.51414
SpMV,150000,2250000,0.0001,0.15,30.0,0.00042047673,0.128394,10.7021,71.3476,16,2.27,0.14006608,24,1.112,24.0468,288.384,0.0065657149,1.1015155,18.182405,127.472,0.064041271,0,197.51414
SpMV,200000,4000000,0.0001,0.153846,52.0,0.00058827191,0.185594,13.5992,88.3945,16,2.27,1.2159124,24,1.112,24.0468,288.384,0.010393967,1.6773151,33.65654,109.00374,0.056597439,0,197.51414
SpMV,250000,6250000,0.0001,0.15625,80.0,0.0020411065,0.594813,6.1241,39.1944,16,2.27,0.14709225,24,1.112,24.0468,288.384,0.019290446,3.1666282,19.892,135.832,0.10580919,0,197.51414
SpMV,300000,9000000,0.0001,0.157895,114.0,0.003333436,1.31567,5.3998,34.1989,16,2.27,0.1493395,24,1.112,24.0468,288.384,0.028521241,4.6067009,19.666825,132.8695,0.11687556,0,197.51414
SpMV,400000,16000000,0.0001,0.16,200.0,0.011977998,5.32185,2.6716,16.6973,16,2.27,1.5647805,24,1.112,24.0468,288.384,0.003957745,0.68718195,41.52065,113.05837,3.0264703,0,197.51414
SpMV,500000,25000000,0.0001,0.16129,310.0,0.0086081749,2.64435,5.8084,36.0123,16,2.27,0.150801,24,1.112,24.0468,288.384,0.0075498303,1.306483,22.117967,147.13267,1.1401812,0,197.51414
SpMV,1000000,100000000,0.0001,0.163934,1220.0,0.037285825,15.6833,5.364,32.7202,16,2.27,0.15772667,24,1.112,24.0468,288.384,0.035582853,5.9811337,22.355167,142.32033,1.0478593,0,197.51414
SpMV,2000000,400000000,0.0001,0.165289,4840.0,0.12953729,40.472,6.1758,37.3638,16,2.27,0.1595675,24,1.112,24.0468,288.384,0.01774859,3.1313435,23.9684,150.1715,7.2984551,0,197.51414
SpMV,1000,1000,1e-05,0.0624922,0.032,3.5476675e-06,0.000930021,0.5638,9.0211,16,2.27,0.0825824,24,1.112,24.0468,288.384,1.331585e-05,0.0016288625,0.4794285,4.3792,0.26642441,0,197.51414
SpMV,2000,2000,1e-05,0.0624961,0.064,3.722068e-06,0.000980466,1.0747,17.1958,16,2.27,0.09243555,24,1.112,24.0468,288.384,1.492145e-05,0.0016888375,1.646911,12.565508,0.24944412,0,197.51414
SpMV,5000,5000,1e-05,0.0624984,0.16,4.5306485e-06,0.00115655,2.2072,35.3159,16,2.27,0.10282145,24,1.112,24.0468,288.384,2.34829e-05,0.00255208,3.8570982,28.387463,0.19293394,0,197.51414
SpMV,10000,10000,1e-05,0.0624992,0.32,5.753207e-06,0.00151278,3.4763,55.6218,16,2.27,0.10794735,24,1.112,24.0468,288.384,4.10326e-05,0.0056353775,7.3921275,52.8825,0.14021064,0,197.51414
SpMV,12500,12500,1e-05,0.0624994,0.4,6.279984e-06,0.00165045,3.9809,63.6951,16,2.27,0.11136507,24,1.112,24.0468,288.384,5.37083e-05,0.0078031375,8.60267,61.5024,0.11692763,0,197.51414
SpMV,15000,15000,1e-05,0.0624995,0.48,6.8219805e-06,0.00182864,4.3975,70.3614,16,2.27,0.11407033,24,1.112,24.0468,288.384,6.8771225e-05,0.010623585,9.5970425,68.73525,0.099198182,0,197.51414
SpMV,60000,60000,1e-05,0.0624999,1.92,1.8109256e-05,0.00496013,6.6264,106.0234,16,2.27,0.13032547,24,1.112,24.0468,288.384,0.0010056245,0.15598552,14.561618,106.5183,0.018007971,0,197.51414
SpMV,75000,75000,1e-05,0.0624999,2.4,2.1597171e-05,0.00595885,6.9454,111.1259,16,2.27,0.13205097,24,1.112,24.0468,288.384,0.0016545889,0.24048425,15.442243,114.4165,0.013052892,0,197.51414
SpMV,100000,100000,1e-05,0.0624999,3.2,2.7575592e-05,0.00775911,7.2528,116.0448,16,2.27,1.145228,24,1.112,24.0468,288.384,0.0021642772,0.37476802,29.465082,104.07284,0.012741248,0,197.51414
SpMV,125000,156250,1e-05,0.0714285,4.375,4.6714787e-05,0.0134198,6.6895,93.6535,16,2.27,0.13735163,24,1.112,24.0468,288.384,0.0045384564,0.77404585,17.836535,129.11975,0.0102931,0,197.51414
SpMV,150000,225000,1e-05,0.0789473,5.7,5.5101115e-05,0.0178979,8.1668,103.4463,16,2.27,0.14006608,24,1.112,24.0468,288.384,0.0065657149,1.1015155,18.182405,127.472,0.008392249,0,197.51414
SpMV,200000,400000,1e-05,0.090909,8.8,7.3065208e-05,0.0285484,10.9491,120.4404,16,2.27,1.2159124,24,1.112,24.0468,288.384,0.010393967,1.6773151,33.65654,109.00374,0.0070295788,0,197.51414
SpMV,250000,625000,1e-05,0.1,12.5,0.00011146016,0.0489673,11.2148,112.1477,16,2.27,0.14709225,24,1.112,24.0468,288.384,0.019290446,3.1666282,19.892,135.832,0.0057779981,0,197.51414
SpMV,300000,900000,1e-05,0.107143,16.8,0.00013395858,0.0515451,13.437,125.4119,16,2.27,0.1493395,24,1.112,24.0468,288.384,0.028521241,4.6067009,19.666825,132.8695,0.0046968005,0,197.51414
SpMV,400000,1600000,1e-05,0.117647,27.2,0.00022450948,0.0677774,14.2533,121.153,16,2.27,1.5647805,24,1.112,24.0468,288.384,0.003957745,0.68718195,41.52065,113.05837,0.056726617,0,197.51414
SpMV,500000,2500000,1e-05,0.125,40.0,0.00036810269,0.100209,13.5832,108.6653,16,2.27,0.150801,24,1.112,24.0468,288.384,0.0075498303,1.306483,22.117967,147.13267,0.048756418,0,197.51414
SpMV,1000000,10000000,1e-05,0.142857,140.0,0.0038858306,1.09399,5.1469,36.0283,16,2.27,0.15772667,24,1.112,24.0468,288.384,0.035582853,5.9811337,22.355167,142.32033,0.10920514,0,197.51414
SpMV,2000000,40000000,1e-05,0.153846,520.0,0.016423675,6.8039,4.871,31.6616,16,2.27,0.1595675,24,1.112,24.0468,288.384,0.01774859,3.1313435,23.9684,150.1715,0.92535098,0,197.51414
SpMV,5000000,250000000,1e-05,0.16129,3100.0,0.084576322,30.8851,5.9118,36.6533,16,2.27,0.16129,24,1.112,24.0468,288.384,0.022162,3.75052,22.5611,139.879,3.8162766,0,197.51414
SpMV,10000000,1000000000,1e-05,0.163934,12200.0,0.32664935,98.4718,6.1228,37.3489,16,2.27,0.163934,24,1.112,24.0468,288.384,0.0806244,14.0544,24.8064,151.319,4.0514949,0,197.51414
FFT,16384,0,0.0,4.37473,0.2622,2.8175497e-05,0.00963582,40.7049,9.3045,16,2.27,684.85236,24,1.112,24.0468,288.384,22.464973,2808.4968,110.55435,2.9672695,1.2541968e-06,0,197.51414
FFT,24000,0,0.0,4.54692,0.384,3.7311247e-05,0.0139531,46.7979,10.2922,16,2.27,4.54692,24,1.112,24.0468,288.384,4.41078e-05,0.00392824,39.5868,8.7063,0.84591041,0,197.51414
FFT,32768,0,0.0,4.68736,0.5243,3.7842628e-05,0.0138378,64.9426,13.8549,16,2.27,4.68736,24,1.112,24.0468,288.384,5.31416e-05,0.00544762,46.2462,9.86616,0.71210931,0,197.51414
FFT,48000,0,0.0,4.85951,0.768,6.2292458e-05,0.0203773,59.9138,12.3292,16,2.27,4.85951,24,1.112,24.0468,288.384,5.86713e-05,0.00645158,63.6117,13.0902,1.0617194,0,197.51414
FFT,65536,0,0.0,4.99992,1.0486,6.370811e-05,0.019589,82.2953,16.4593,16,2.27,4.99992,24,1.112,24.0468,288.384,5.54251e-05,0.00588468,94.5939,18.9191,1.1494451,0,197.51414
FFT,100000,0,0.0,5.19046,1.6,0.0001285535,0.0367694,64.6021,12.4463,16,2.27,1.145228,24,1.112,24.0468,288.384,0.0021642772,0.37476802,29.465082,104.07284,0.059397891,0,197.51414
FFT,131072,0,0.0,5.31246,2.0972,0.00011204214,0.035086,99.4369,18.7177,16,2.27,5.31246,24,1.112,24.0468,288.384,9.75757e-05,0.0107697,114.179,21.4927,1.1482586,0,197.51414
FFT,200000,0,0.0,5.50299,3.2,0.00022496245,0.0799772,78.2781,14.2247,16,2.27,1.2159124,24,1.112,24.0468,288.384,0.010393967,1.6773151,33.65654,109.00374,0.021643561,0,197.51414
FFT,262144,0,0.0,5.62498,4.1943,0.00020452219,0.0777897,115.3565,20.5079,16,2.27,5.62498,24,1.112,24.0468,288.384,0.000192364,0.0231379,122.648,21.8041,1.0632041,0,197.51414
FFT,400000,0,0.0,5.8155,6.4,0.00043710356,0.151417,85.1498,14.6419,16,2.27,1.5647805,24,1.112,24.0468,288.384,0.003957745,0.68718195,41.52065,113.05837,0.11044258,0,197.51414
FFT,524288,0,0.0,5.93749,8.3886,0.00041663413,0.135857,119.547,20.1343,16,2.27,5.93749,24,1.112,24.0468,288.384,0.00038999,0.0486417,127.714,21.5098,1.06832,0,197.51414
FFT,800000,0,0.0,6.128,12.8,0.00084283979,0.26548,93.0646,15.1868,16,2.27,6.128,24,1.112,24.0468,288.384,0.000723228,0.0924569,108.456,17.6985,1.165386,0,197.51414
FFT,1048576,0,0.0,6.24999,16.7772,0.00088938633,0.287762,117.8988,18.8638,16,2.27,6.24999,24,1.112,24.0468,288.384,0.000768862,0.101658,136.38,21.8209,1.1567568,0,197.51414
FFT,1600000,0,0.0,6.44051,25.6,0.0021956644,0.739356,75.0921,11.6593,16,2.27,6.44051,24,1.112,24.0468,288.384,0.00134152,0.193013,122.903,19.0828,1.636699,0,197.51414
FFT,2097152,0,0.0,6.5625,33.5544,0.0054248929,1.90866,40.5908,6.1853,16,2.27,6.5625,24,1.112,24.0468,288.384,0.00147009,0.202281,149.787,22.8248,3.6901774,0,197.51414
FFT,3000000,0,0.0,6.72391,48.0,0.008356062,2.89057,38.6244,5.7443,16,2.27,6.72391,24,1.112,24.0468,288.384,0.00294057,0.417231,109.757,16.3233,2.841647,0,197.51414
FFT,3200000,0,0.0,6.75301,51.2,0.0088519184,2.79946,39.0598,5.7841,16,2.27,6.75301,24,1.112,24.0468,288.384,0.00288088,0.392353,120.017,17.7723,3.0726439,0,197.51414
FFT,4194304,0,0.0,6.875,67.1089,0.020141674,5.8191,22.9064,3.3318,16,2.27,6.875,24,1.112,24.0468,288.384,0.00292522,0.396656,157.723,22.9415,6.8855245,0,197.51414
FFT,6000000,0,0.0,7.03641,96.0,0.018844848,5.93411,35.8451,5.0942,16,2.27,7.03641,24,1.112,24.0468,288.384,0.00581424,0.803513,116.18,16.5112,3.241154,0,197.51414
FFT,6400000,0,0.0,7.06551,102.4,0.02047028,7.81866,35.3443,5.0024,16,2.27,7.06551,24,1.112,24.0468,288.384,0.00541899,0.772385,133.513,18.8965,3.7775084,0,197.51414
FFT,8388608,0,0.0,7.1875,134.2177,0.048430891,18.846,19.9189,2.7713,16,2.27,7.1875,24,1.112,24.0468,288.384,0.00567426,0.796491,170.012,23.6538,8.5351907,0,197.51414
FFT,12000000,0,0.0,7.34892,192.0,0.039631713,12.2157,35.6026,4.8446,16,2.27,7.34892,24,1.112,24.0468,288.384,0.0117434,1.63836,120.152,16.3497,3.3748073,0,197.51414
FFT,12800000,0,0.0,7.37801,204.8,0.044912413,13.3472,33.6436,4.56,16,2.27,7.37801,24,1.112,24.0468,288.384,0.0107729,1.52701,140.261,19.0106,4.1690179,0,197.51414
FFT,16777216,0,0.0,7.5,268.4355,0.10804764,40.9245,18.6331,2.4844,16,2.27,7.5,24,1.112,24.0468,288.384,0.0109682,1.54302,183.556,24.4741,9.8509906,1,197.51414
FFT,25000000,0,0.0,7.67982,400.0,0.08004473,22.1345,38.3776,4.9972,16,2.27,7.67982,24,1.112,24.0468,288.384,0.0240498,3.36435,127.732,16.6321,3.3282909,1,197.51414
FFT,33554432,0,0.0,7.8125,536.8709,0.21374699,61.4692,19.6228,2.5117,16,2.27,7.8125,24,1.112,24.0468,288.384,0.0214439,3.06443,195.594,25.036,9.9677292,1,197.51414
FFT,50000000,0,0.0,7.99232,800.0,0.16424964,62.789,38.9277,4.8706,16,2.27,7.99232,24,1.112,24.0468,288.384,0.0488895,6.8855,130.782,16.3634,3.3596097,1,197.51414
FFT,67108864,0,0.0,8.125,1073.7418,0.42154787,140.551,20.6955,2.5471,16,2.27,8.125,24,1.112,24.0468,288.384,0.049234,7.11625,177.198,21.809,8.5621293,1,197.51414
GEMM,1024,0,0.0,85.3333,25.1658,0.0045261284,1.6984,474.4637,5.5601,32,2.27,85.3333,24,1.112,24.0468,288.384,0.0144698,1.76946,148.411,1.73919,0.31279827,0,139.20613
GEMM,1152,0,0.0,96.0,31.8505,0.0063523894,2.42297,481.3382,5.0139,32,2.27,96.0,24,1.112,24.0468,288.384,0.0188809,2.16274,161.944,1.68691,0.33644526,0,139.20613
GEMM,1280,0,0.0,106.667,39.3216,0.0086641262,3.82255,484.1001,4.5384,32,2.27,106.667,24,1.112,24.0468,288.384,0.0253834,3.29951,165.238,1.5491,0.34133041,0,139.20613
GEMM,1408,0,0.0,117.333,47.5791,0.016947727,6.89383,329.4022,2.8074,32,2.27,117.333,24,1.112,24.0468,288.384,0.0321002,3.41919,173.912,1.48221,0.5279633,0,139.20613
GEMM,1536,0,0.0,128.0,56.6231,0.020690937,8.12589,350.2866,2.7366,32,2.27,128.0,24,1.112,24.0468,288.384,0.0375119,4.58638,193.212,1.50947,0.5515833,0,139.20613
GEMM,1664,0,0.0,138.667,66.4535,0.020652308,8.13272,446.1916,3.2177,32,2.27,138.667,24,1.112,24.0468,288.384,0.049558,5.61634,185.941,1.34092,0.41673006,0,139.20613
GEMM,1792,0,0.0,149.333,77.0703,0.026867492,9.53671,428.3679,2.8685,32,2.27,149.333,24,1.112,24.0468,288.384,0.0640162,7.05879,179.785,1.20392,0.41969832,0,139.20613
GEMM,1920,0,0.0,160.0,88.4736,0.036989184,12.5343,382.7004,2.3919,32,2.27,160.0,24,1.112,24.0468,288.384,0.0765134,8.50078,185.011,1.15632,0.48343406,0,139.20613
GEMM,2048,0,0.0,170.667,100.6633,0.034793232,15.6848,493.7704,2.8932,32,2.27,170.667,24,1.112,24.0468,288.384,0.0901351,11.0393,190.601,1.11681,0.38601202,0,139.20613
GEMM,2304,0,0.0,192.0,127.402,0.049823978,20.5531,490.952,2.557,32,2.27,192.0,24,1.112,24.0468,288.384,0.128224,14.8497,190.769,0.993589,0.38856983,0,139.20613
GEMM,2560,0,0.0,213.333,157.2864,0.069247398,25.0289,484.5587,2.2714,32,2.27,213.333,24,1.112,24.0468,288.384,0.173144,20.292,193.795,0.908416,0.39994108,0,139.20613
GEMM,2816,0,0.0,234.667,190.3165,0.09057528,41.1942,493.081,2.1012,32,2.27,234.667,24,1.112,24.0468,288.384,0.233568,26.5436,191.211,0.814821,0.38778976,0,139.20613
GEMM,3072,0,0.0,256.0,226.4924,0.12671173,55.7084,457.5903,1.7875,32,2.27,256.0,24,1.112,24.0468,288.384,0.298694,34.1896,194.118,0.758275,0.4242192,0,139.20613
GEMM,3328,0,0.0,277.333,265.814,0.15064373,58.7115,489.3605,1.7645,32,2.27,277.333,24,1.112,24.0468,288.384,0.381412,43.7098,193.279,0.69692,0.39496325,0,139.20613
GEMM,3584,0,0.0,298.667,308.2813,0.18630256,72.5709,494.2142,1.6547,32,2.27,298.667,24,1.112,24.0468,288.384,0.470553,54.3094,195.67,0.655147,0.39592258,0,139.20613
GEMM,3840,0,0.0,320.0,353.8944,0.23007824,96.3088,492.2074,1.5381,32,2.27,320.0,24,1.112,24.0468,288.384,0.580408,67.3866,195.115,0.609734,0.39640776,0,139.20613
GEMM,4096,0,0.0,341.333,402.6532,0.32212756,126.684,426.66,1.25,32,2.27,341.333,24,1.112,24.0468,288.384,0.700908,81.7401,196.087,0.574473,0.45958607,0,139.20613
GEMM,4608,0,0.0,384.0,509.6079,0.4226051,160.375,463.0551,1.2059,32,2.27,384.0,24,1.112,24.0468,288.384,1.00557,116.971,194.606,0.506787,0.42026423,0,139.20613
GEMM,5120,0,0.0,426.667,629.1456,0.57434879,218.53,467.3736,1.0954,32,2.27,426.667,24,1.112,24.0468,288.384,1.37172,159.886,195.692,0.458654,0.41870702,0,139.20613
GEMM,5632,0,0.0,469.333,761.2662,0.76296717,299.311,468.287,0.9978,32,2.27,469.333,24,1.112,24.0468,288.384,1.82764,214.703,195.491,0.41653,0.41746032,0,139.20613
GEMM,6144,0,0.0,512.0,905.9697,1.056253,409.222,439.1528,0.8577,32,2.27,512.0,24,1.112,24.0468,288.384,2.37266,280.021,195.5,0.381836,0.44517671,0,139.20613
GEMM,6656,0,0.0,554.667,1063.2561,1.2496811,493.108,471.9226,0.8508,32,2.27,554.667,24,1.112,24.0468,288.384,3.02115,359.659,195.208,0.351937,0.41364417,0,139.20613
GEMM,7168,0,0.0,597.333,1233.1254,1.5753399,613.548,467.5733,0.7828,32,2.27,597.333,24,1.112,24.0468,288.384,3.76794,451.996,195.488,0.327268,0.4180905,0,139.20613
GEMM,7680,0,0.0,640.0,1415.5776,1.9038378,525.955,475.8649,0.7435,32,2.27,640.0,24,1.112,24.0468,288.384,4.62937,561.105,195.701,0.305782,0.41125204,0,139.20613
GEMM,8192,0,0.0,682.667,1610.6127,2.6215446,735.967,419.4137,0.6144,32,2.27,682.667,24,1.112,24.0468,288.384,5.62099,688.752,195.608,0.286536,0.46638485,0,139.20613
GEMM,9216,0,0.0,768.0,2038.4317,3.35092,922.798,467.1898,0.6083,32,2.27,768.0,24,1.112,24.0468,288.384,8.00662,989.779,195.528,0.254593,0.41851868,0,139.20613
GEMM,10240,0,0.0,853.333,2516.5824,4.7599354,1314.44,451.1582,0.5287,32,2.27,853.333,24,1.112,24.0468,288.384,10.9842,1362.22,195.506,0.229108,0.43334384,0,139.20613
GEMM,11264,0,0.0,938.667,3045.0647,6.0464292,1661.89,472.7254,0.5036,32,2.27,938.667,24,1.112,24.0468,288.384,14.6038,1806.56,195.722,0.208511,0.41403122,0,139.20613
GEMM,12288,0,0.0,1024.0,3623.8787,8.5539795,2370.44,433.8158,0.4236,32,2.27,1024.0,24,1.112,24.0468,288.384,18.9585,2340.26,195.736,0.191148,0.45119495,0,139.20613
GEMM,13312,0,0.0,1109.33,4253.0243,9.9879217,2748.06,472.3727,0.4258,32,2.27,1109.33,24,1.112,24.0468,288.384,24.1059,2994.91,195.721,0.176431,0.41433515,0,139.20613
GEMM,14336,0,0.0,1194.67,4932.5015,13.09739,4209.98,449.9137,0.3766,32,2.27,1194.67,24,1.112,24.0468,288.384,30.093,3736.03,195.816,0.163909,0.43523044,0,139.20613
GEMM,15360,0,0.0,1280.0,5662.3104,15.327735,4224.59,472.8525,0.3694,32,2.27,1280.0,24,1.112,24.0468,288.384,37.0134,4618.08,195.814,0.15298,0.41411314,0,139.20613
GEMM,16384,0,0.0,1365.33,6442.4509,21.819103,6588.2,403.1372,0.2953,32,2.27,684.85236,24,1.112,24.0468,288.384,22.464973,2808.4968,110.55435,2.9672695,0.97124991,1,139.20613
SpMV,1000,10000,0.01,0.142853,0.14,9.001958e-06,0.0022319,2.2217,15.5526,32,2.27,0.0825824,24,1.112,24.0468,288.384,1.331585e-05,0.0016288625,0.4794285,4.3792,0.6760333,0,139.20613
SpMV,2000,40000,0.01,0.153845,0.52,9.2306625e-06,0.00232495,8.6668,56.3344,32,2.27,0.09243555,24,1.112,24.0468,288.384,1.492145e-05,0.0016888375,1.646911,12.565508,0.61861699,0,139.20613
SpMV,5000,250000,0.01,0.16129,3.1,1.5890082e-05,0.00457103,31.4662,195.0905,32,2.27,0.10282145,24,1.112,24.0468,288.384,2.34829e-05,0.00255208,3.8570982,28.387463,0.67666606,0,139.20613
SpMV,10000,1000000,0.01,0.163934,12.2,4.3513555e-05,0.013707,45.9627,280.3725,32,2.27,0.10794735,24,1.112,24.0468,288.384,4.10326e-05,0.0056353775,7.3921275,52.8825,1.060463,0,139.20613
SpMV,12500,1562500,0.01,0.164474,19.0,6.5926478e-05,0.0210198,47.4013,288.1999,32,2.27,0.11136507,24,1.112,24.0468,288.384,5.37083e-05,0.0078031375,8.60267,61.5024,1.2274914,0,139.20613
SpMV,15000,2250000,0.01,0.164835,27.3,9.1538905e-05,0.0293874,49.1594,298.2339,32,2.27,0.11407033,24,1.112,24.0468,288.384,6.8771225e-05,0.010623585,9.5970425,68.73525,1.331064,0,139.20613
SpMV,60000,36000000,0.01,0.166205,433.2,0.011780261,3.03418,6.1119,36.7734,32,2.27,0.13032547,24,1.112,24.0468,288.384,0.0010056245,0.15598552,14.561618,106.5183,11.714374,0,139.20613
SpMV,75000,56250000,0.01,0.166297,676.5,0.018399659,4.74771,6.1142,36.767,32,2.27,0.13205097,24,1.112,24.0468,288.384,0.0016545889,0.24048425,15.442243,114.4165,11.120381,0,139.20613
SpMV,100000,100000000,0.01,0.166389,1202.0,0.032654226,8.51368,6.1248,36.8099,32,2.27,1.145228,24,1.112,24.0468,288.384,0.0021642772,0.37476802,29.465082,104.07284,15.08782,0,139.20613
SpMV,125000,156250000,0.01,0.166445,1877.5,0.051039358,13.6133,6.1227,36.7853,32,2.27,0.13735163,24,1.112,24.0468,288.384,0.0045384564,0.77404585,17.836535,129.11975,11.245973,0,139.20613
SpMV,150000,225000000,0.01,0.166482,2703.0,0.073369176,19.7438,6.1334,36.8411,32,2.27,0.14006608,24,1.112,24.0468,288.384,0.0065657149,1.1015155,18.182405,127.472,11.174591,0,139.20613
SpMV,200000,400000000,0.01,0.166528,4804.0,0.1304106,34.8045,6.1345,36.8375,32,2.27,1.2159124,24,1.112,24.0468,288.384,0.010393967,1.6773151,33.65654,109.00374,12.546759,0,139.20613
SpMV,250000,625000000,0.01,0.166556,7505.0,0.20309817,53.7341,6.1547,36.9526,32,2.27,0.14709225,24,1.112,24.0468,288.384,0.019290446,3.1666282,19.892,135.832,10.528433,0,139.20613
SpMV,300000,900000000,0.01,0.166574,10806.0,0.29360798,77.2297,6.1306,36.8042,32,2.27,0.1493395,24,1.112,24.0468,288.384,0.028521241,4.6067009,19.666825,132.8695,10.294362,1,139.20613
SpMV,1000,1000,0.001,0.0624922,0.032,9.5501335e-06,0.00214651,0.2094,3.3512,32,2.27,0.0825824,24,1.112,24.0468,288.384,1.331585e-05,0.0016288625,0.4794285,4.3792,0.71720044,0,139.20613
SpMV,2000,4000,0.001,0.090905,0.088,9.3740465e-06,0.00213018,0.8534,9.388,32,2.27,0.09243555,24,1.112,24.0468,288.384,1.492145e-05,0.0016888375,1.646911,12.565508,0.62822624,0,139.20613
SpMV,5000,25000,0.001,0.124999,0.4,9.4925465e-06,0.0023793,5.2673,42.1387,32,2.27,0.10282145,24,1.112,24.0468,288.384,2.34829e-05,0.00255208,3.8570982,28.387463,0.40423229,0,139.20613
SpMV,10000,100000,0.001,0.142857,1.4,1.234854e-05,0.00340835,16.1962,113.3741,32,2.27,0.10794735,24,1.112,24.0468,288.384,4.10326e-05,0.0056353775,7.3921275,52.8825,0.3009446,0,139.20613
SpMV,12500,156250,0.001,0.147059,2.125,1.5780673e-05,0.00443193,19.8027,134.6586,32,2.27,0.11136507,24,1.112,24.0468,288.384,5.37083e-05,0.0078031375,8.60267,61.5024,0.29382187,0,139.20613
SpMV,15000,225000,0.001,0.15,3.0,1.9382108e-05,0.00554518,23.2173,154.7821,32,2.27,0.11407033,24,1.112,24.0468,288.384,6.8771225e-05,0.010623585,9.5970425,68.73525,0.28183457,0,139.20613
SpMV,60000,3600000,0.001,0.162162,44.4,0.00020042794,0.0615414,35.9231,221.526,32,2.27,0.13032547,24,1.112,24.0468,288.384,0.0010056245,0.15598552,14.561618,106.5183,0.19930695,0,139.20613
SpMV,75000,5625000,0.001,0.163043,69.0,0.0015727843,0.40393,7.1529,43.8712,32,2.27,0.13205097,24,1.112,24.0468,288.384,0.0016545889,0.24048425,15.442243,114.4165,0.95055891,0,139.20613
SpMV,100000,10000000,0.001,0.163934,122.0,0.0033510491,0.854226,5.9683,36.4065,32,2.27,1.145228,24,1.112,24.0468,288.384,0.0021642772,0.37476802,29.465082,104.07284,1.5483456,0,139.20613
SpMV,125000,15625000,0.001,0.164474,190.0,0.0052042401,1.32719,6.0047,36.5087,32,2.27,0.13735163,24,1.112,24.0468,288.384,0.0045384564,0.77404585,17.836535,129.11975,1.1466983,0,139.20613
SpMV,150000,22500000,0.001,0.164835,273.0,0.0074620681,1.90555,6.0305,36.585,32,2.27,0.14006608,24,1.112,24.0468,288.384,0.0065657149,1.1015155,18.182405,127.472,1.1365203,0,139.20613
SpMV,200000,40000000,0.001,0.165289,484.0,0.013156859,3.33743,6.0805,36.7869,32,2.27,1.2159124,24,1.112,24.0468,288.384,0.010393967,1.6773151,33.65654,109.00374,1.2658169,0,139.20613
SpMV,250000,62500000,0.001,0.165563,755.0,0.020523442,5.25304,6.0906,36.7872,32,2.27,0.14709225,24,1.112,24.0468,288.384,0.019290446,3.1666282,19.892,135.832,1.0639174,0,139.20613
SpMV,300000,90000000,0.001,0.165746,1086.0,0.029501114,7.64703,6.1015,36.8122,32,2.27,0.1493395,24,1.112,24.0468,288.384,0.028521241,4.6067009,19.666825,132.8695,1.0343559,0,139.20613
SpMV,400000,160000000,0.001,0.165975,1928.0,0.052409681,13.8714,6.1057,36.7871,32,2.27,1.5647805,24,1.112,24.0468,288.384,0.003957745,0.68718195,41.52065,113.05837,13.242309,0,139.20613
SpMV,500000,250000000,0.001,0.166113,3010.0,0.081814867,21.8381,6.1114,36.7904,32,2.27,0.150801,24,1.112,24.0468,288.384,0.0075498303,1.306483,22.117967,147.13267,10.83665,0,139.20613
SpMV,1000000,1000000000,0.001,0.166389,12020.0,0.32512409,86.6184,6.1515,36.9705,32,2.27,0.15772667,24,1.112,24.0468,288.384,0.035582853,5.9811337,22.355167,142.32033,9.1371001,0,139.20613
SpMV,1000,1000,0.0001,0.0624922,0.032,8.281715e-06,0.00205825,0.2415,3.8644,32,2.27,0.0825824,24,1.112,24.0468,288.384,1.331585e-05,0.0016288625,0.4794285,4.3792,0.62194415,0,139.20613
SpMV,2000,2000,0.0001,0.0624961,0.064,9.062004e-06,0.0020325,0.4414,7.0629,32,2.27,0.09243555,24,1.112,24.0468,288.384,1.492145e-05,0.0016888375,1.646911,12.565508,0.6073139,0,139.20613
SpMV,5000,5000,0.0001,0.0624984,0.16,8.4720725e-06,0.00210632,1.1803,18.8861,32,2.27,0.10282145,24,1.112,24.0468,288.384,2.34829e-05,0.00255208,3.8570982,28.387463,0.36077625,0,139.20613
SpMV,10000,10000,0.0001,0.0624992,0.32,9.135598e-06,0.00229873,2.1892,35.0282,32,2.27,0.10794735,24,1.112,24.0468,288.384,4.10326e-05,0.0056353775,7.3921275,52.8825,0.22264244,0,139.20613
SpMV,12500,15625,0.0001,0.0714279,0.4375,9.3156205e-06,0.00234301,3.3546,46.9646,32,2.27,0.11136507,24,1.112,24.0468,288.384,5.37083e-05,0.0078031375,8.60267,61.5024,0.17344843,0,139.20613
SpMV,15000,22500,0.0001,0.0789468,0.57,9.5472215e-06,0.00242394,4.7134,59.7037,32,2.27,0.11407033,24,1.112,24.0468,288.384,6.8771225e-05,0.010623585,9.5970425,68.73525,0.13882582,0,139.20613
SpMV,60000,360000,0.0001,0.130435,5.52,3.0880586e-05,0.00889744,23.3156,178.7532,32,2.27,0.13032547,24,1.112,24.0468,288.384,0.0010056245,0.15598552,14.561618,106.5183,0.030707872,0,139.20613
SpMV,75000,562500,0.0001,0.136364,8.25,4.939574e-05,0.0141727,22.7752,167.0185,32,2.27,0.13205097,24,1.112,24.0468,288.384,0.0016545889,0.24048425,15.442243,114.4165,0.029853784,0,139.20613
SpMV,100000,1000000,0.0001,0.142857,14.0,5.931264e-05,0.0186742,33.7196,236.0374,32,2.27,1.145228,24,1.112,24.0468,288.384,0.0021642772,0.37476802,29.465082,104.07284,0.027405288,0,139.20613
SpMV,125000,1562500,0.0001,0.147059,21.25,9.9084252e-05,0.0293605,31.5388,214.464,32,2.27,0.13735163,24,1.112,24.0468,288.384,0.0045384564,0.77404585,17.836535,129.11975,0.021832148,0,139.20613
SpMV,150000,2250000,0.0001,0.15,30.0,0.00014263421,0.0421195,31.5492,210.3282,32,2.27,0.14006608,24,1.112,24.0468,288.384,0.0065657149,1.1015155,18.182405,127.472,0.021724095,0,139.20613
SpMV,200000,4000000,0.0001,0.153846,52.0,0.00043227582,0.118047,18.5067,120.2936,32,2.27,1.2159124,24,1.112,24.0468,288.384,0.010393967,1.6773151,33.65654,109.00374,0.041589109,0,139.20613
SpMV,250000,6250000,0.0001,0.15625,80.0,0.0021006813,0.540723,5.9505,38.0829,32,2.27,0.14709225,24,1.112,24.0468,288.384,0.019290446,3.1666282,19.892,135.832,0.1088975,0,139.20613
SpMV,300000,9000000,0.0001,0.157895,114.0,0.003165748,0.842066,5.6859,36.0104,32,2.27,0.1493395,24,1.112,24.0468,288.384,0.028521241,4.6067009,19.666825,132.8695,0.11099615,0,139.20613
SpMV,400000,16000000,0.0001,0.16,200.0,0.0055185929,1.40852,5.7986,36.2411,32,2.27,1.5647805,24,1.112,24.0468,288.384,0.003957745,0.68718195,41.52065,113.05837,1.3943781,0,139.20613
SpMV,500000,25000000,0.0001,0.16129,310.0,0.008513324,2.17383,5.8731,36.4135,32,2.27,0.150801,24,1.112,24.0468,288.384,0.0075498303,1.306483,22.117967,147.13267,1.1276179,0,139.20613
SpMV,1000000,100000000,0.0001,0.163934,1220.0,0.033236377,8.7724,6.0175,36.7068,32,2.27,0.15772667,24,1.112,24.0468,288.384,0.035582853,5.9811337,22.355167,142.32033,0.93405599,0,139.20613
SpMV,2000000,400000000,0.0001,0.165289,4840.0,0.13141324,34.7463,6.0877,36.8304,32,2.27,0.1595675,24,1.112,24.0468,288.384,0.01774859,3.1313435,23.9684,150.1715,7.4041511,0,139.20613
SpMV,1000,1000,1e-05,0.0624922,0.032,7.853402e-06,0.00195266,0.2547,4.0752,32,2.27,0.0825824,24,1.112,24.0468,288.384,1.331585e-05,0.0016288625,0.4794285,4.3792,0.5897785,0,139.20613
SpMV,2000,2000,1e-05,0.0624961,0.064,7.9030005e-06,0.00190655,0.5061,8.0987,32,2.27,0.09243555,24,1.112,24.0468,288.384,1.492145e-05,0.0016888375,1.646911,12.565508,0.52964025,0,139.20613
SpMV,5000,5000,1e-05,0.0624984,0.16,8.261142e-06,0.00206866,1.2105,19.3683,32,2.27,0.10282145,24,1.112,24.0468,288.384,2.34829e-05,0.00255208,3.8570982,28.387463,0.35179394,0,139.20613
SpMV,10000,10000,1e-05,0.0624992,0.32,8.768074e-06,0.00215985,2.281,36.4965,32,2.27,0.10794735,24,1.112,24.0468,288.384,4.10326e-05,0.0056353775,7.3921275,52.8825,0.21368556,0,139.20613
SpMV,12500,12500,1e-05,0.0624994,0.4,8.7907755e-06,0.00220254,2.8439,45.5027,32,2.27,0.11136507,24,1.112,24.0468,288.384,5.37083e-05,0.0078031375,8.60267,61.5024,0.16367629,0,139.20613
SpMV,15000,15000,1e-05,0.0624995,0.48,9.3129745e-06,0.00236215,3.2213,51.5414,32,2.27,0.11407033,24,1.112,24.0468,288.384,6.8771225e-05,0.010623585,9.5970425,68.73525,0.13541964,0,139.20613
SpMV,60000,60000,1e-05,0.0624999,1.92,1.4277927e-05,0.00381869,8.4046,134.4736,32,2.27,0.13032547,24,1.112,24.0468,288.384,0.0010056245,0.15598552,14.561618,106.5183,0.01419807,0,139.20613
SpMV,75000,75000,1e-05,0.0624999,2.4,1.6082511e-05,0.0042704,9.3269,149.2307,32,2.27,0.13205097,24,1.112,24.0468,288.384,0.0016545889,0.24048425,15.442243,114.4165,0.0097199434,0,139.20613
SpMV,100000,100000,1e-05,0.0624999,3.2,1.9117348e-05,0.00514519,10.4617,167.3874,32,2.27,1.145228,24,1.112,24.0468,288.384,0.0021642772,0.37476802,29.465082,104.07284,0.0088331324,0,139.20613
SpMV,125000,156250,1e-05,0.0714285,4.375,2.7549481e-05,0.00744023,11.3432,158.8053,32,2.27,0.13735163,24,1.112,24.0468,288.384,0.0045384564,0.77404585,17.836535,129.11975,0.0060702315,0,139.20613
SpMV,150000,225000,1e-05,0.0789473,5.7,3.4290334e-05,0.00952534,13.1232,166.2277,32,2.27,0.14006608,24,1.112,24.0468,288.384,0.0065657149,1.1015155,18.182405,127.472,0.0052226352,0,139.20613
SpMV,200000,400000,1e-05,0.090909,8.8,4.2895479e-05,0.012475,18.65,205.1499,32,2.27,1.2159124,24,1.112,24.0468,288.384,0.010393967,1.6773151,33.65654,109.00374,0.0041269594,0,139.20613
SpMV,250000,625000,1e-05,0.1,12.5,6.1983801e-05,0.0181556,20.1666,201.6657,32,2.27,0.14709225,24,1.112,24.0468,288.384,0.019290446,3.1666282,19.892,135.832,0.0032131865,0,139.20613
SpMV,300000,900000,1e-05,0.107143,16.8,7.2979931e-05,0.0218525,24.6643,230.2003,32,2.27,0.1493395,24,1.112,24.0468,288.384,0.028521241,4.6067009,19.666825,132.8695,0.0025587923,0,139.20613
SpMV,400000,1600000,1e-05,0.117647,27.2,0.00011832938,0.0353882,27.0432,229.8669,32,2.27,1.5647805,24,1.112,24.0468,288.384,0.003957745,0.68718195,41.52065,113.05837,0.029898181,0,139.20613
SpMV,500000,2500000,1e-05,0.125,40.0,0.00020088691,0.0593756,24.8896,199.117,32,2.27,0.150801,24,1.112,24.0468,288.384,0.0075498303,1.306483,22.117967,147.13267,0.026608136,0,139.20613
SpMV,1000000,10000000,1e-05,0.142857,140.0,0.0039603614,1.05278,5.05,35.3503,32,2.27,0.15772667,24,1.112,24.0468,288.384,0.035582853,5.9811337,22.355167,142.32033,0.11129972,0,139.20613
SpMV,2000000,40000000,1e-05,0.153846,520.0,0.014494797,3.72136,5.5192,35.8749,32,2.27,0.1595675,24,1.112,24.0468,288.384,0.01774859,3.1313435,23.9684,150.1715,0.81667318,0,139.20613
SpMV,5000000,250000000,1e-05,0.16129,3100.0,0.084893951,22.4966,5.8897,36.5161,32,2.27,0.16129,24,1.112,24.0468,288.384,0.022162,3.75052,22.5611,139.879,3.8306088,0,139.20613
SpMV,10000000,1000000000,1e-05,0.163934,12200.0,0.33211126,89.1753,6.0221,36.7347,32,2.27,0.163934,24,1.112,24.0468,288.384,0.0806244,14.0544,24.8064,151.319,4.1192401,0,139.20613
FFT,16384,0,0.0,4.37473,0.2622,3.3944158e-05,0.00901974,33.7873,7.7233,32,2.27,684.85236,24,1.112,24.0468,288.384,22.464973,2808.4968,110.55435,2.9672695,1.5109815e-06,0,139.20613
FFT,24000,0,0.0,4.54692,0.384,4.1689954e-05,0.0112082,41.8827,9.2112,32,2.27,4.54692,24,1.112,24.0468,288.384,4.41078e-05,0.00392824,39.5868,8.7063,0.94518326,0,139.20613
FFT,32768,0,0.0,4.68736,0.5243,4.1031254e-05,0.0111911,59.8958,12.7782,32,2.27,4.68736,24,1.112,24.0468,288.384,5.31416e-05,0.00544762,46.2462,9.86616,0.77211175,0,139.20613
FFT,48000,0,0.0,4.85951,0.768,5.7611217e-05,0.0159049,64.7822,13.331,32,2.27,4.85951,24,1.112,24.0468,288.384,5.86713e-05,0.00645158,63.6117,13.0902,0.98193183,0,139.20613
FFT,65536,0,0.0,4.99992,1.0486,5.4491514e-05,0.0154478,96.2146,19.2432,32,2.27,4.99992,24,1.112,24.0468,288.384,5.54251e-05,0.00588468,94.5939,18.9191,0.9831559,0,139.20613
FFT,100000,0,0.0,5.19046,1.6,0.0001023378,0.0301673,81.1511,15.6347,32,2.27,1.145228,24,1.112,24.0468,288.384,0.0021642772,0.37476802,29.465082,104.07284,0.047284975,0,139.20613
FFT,131072,0,0.0,5.31246,2.0972,7.5530963e-05,0.0225041,147.504,27.7657,32,2.27,5.31246,24,1.112,24.0468,288.384,9.75757e-05,0.0107697,114.179,21.4927,0.77407554,0,139.20613
FFT,200000,0,0.0,5.50299,3.2,0.00013753709,0.0411852,128.0356,23.2666,32,2.27,1.2159124,24,1.112,24.0468,288.384,0.010393967,1.6773151,33.65654,109.00374,0.013232396,0,139.20613
FFT,262144,0,0.0,5.62498,4.1943,0.00012432262,0.0386426,189.7721,33.7374,32,2.27,5.62498,24,1.112,24.0468,288.384,0.000192364,0.0231379,122.648,21.8041,0.64628837,0,139.20613
FFT,400000,0,0.0,5.8155,6.4,0.00026339179,0.0796269,141.3077,24.2985,32,2.27,1.5647805,24,1.112,24.0468,288.384,0.003957745,0.68718195,41.52065,113.05837,0.066550976,0,139.20613
FFT,524288,0,0.0,5.93749,8.3886,0.00023106596,0.0759071,215.5547,36.304,32,2.27,5.93749,24,1.112,24.0468,288.384,0.00038999,0.0486417,127.714,21.5098,0.59249202,0,139.20613
FFT,800000,0,0.0,6.128,12.8,0.00048415447,0.153965,162.0114,26.4379,32,2.27,6.128,24,1.112,24.0468,288.384,0.000723228,0.0924569,108.456,17.6985,0.66943547,0,139.20613
FFT,1048576,0,0.0,6.24999,16.7772,0.00049608561,0.161675,211.37,33.8192,32,2.27,6.24999,24,1.112,24.0468,288.384,0.000768862,0.101658,136.38,21.8209,0.64522061,0,139.20613
FFT,1600000,0,0.0,6.44051,25.6,0.0015095966,0.449463,109.2193,16.9582,32,2.27,6.44051,24,1.112,24.0468,288.384,0.00134152,0.193013,122.903,19.0828,1.1252882,0,139.20613
FFT,2097152,0,0.0,6.5625,33.5544,0.0049436411,1.31256,44.5423,6.7874,32,2.27,6.5625,24,1.112,24.0468,288.384,0.00147009,0.202281,149.787,22.8248,3.3628153,0,139.20613
FFT,3000000,0,0.0,6.72391,48.0,0.0064436511,1.76754,50.0877,7.4492,32,2.27,6.72391,24,1.112,24.0468,288.384,0.00294057,0.417231,109.757,16.3233,2.1912932,0,139.20613
FFT,3200000,0,0.0,6.75301,51.2,0.0071536491,1.8653,48.3326,7.1572,32,2.27,6.75301,24,1.112,24.0468,288.384,0.00288088,0.392353,120.017,17.7723,2.4831472,0,139.20613
FFT,4194304,0,0.0,6.875,67.1089,0.017843874,4.49971,25.8561,3.7609,32,2.27,6.875,24,1.112,24.0468,288.384,0.00292522,0.396656,157.723,22.9415,6.100011,0,139.20613
FFT,6000000,0,0.0,7.03641,96.0,0.015253302,4.04959,44.2852,6.2937,32,2.27,7.03641,24,1.112,24.0468,288.384,0.00581424,0.803513,116.18,16.5112,2.6234386,0,139.20613
FFT,6400000,0,0.0,7.06551,102.4,0.016886303,4.49967,42.8459,6.0641,32,2.27,7.06551,24,1.112,24.0468,288.384,0.00541899,0.772385,133.513,18.8965,3.1161348,0,139.20613
FFT,8388608,0,0.0,7.1875,134.2177,0.038521785,9.83325,25.0427,3.4842,32,2.27,7.1875,24,1.112,24.0468,288.384,0.00567426,0.796491,170.012,23.6538,6.7888649,0,139.20613
FFT,12000000,0,0.0,7.34892,192.0,0.032506164,8.41367,43.4069,5.9066,32,2.27,7.34892,24,1.112,24.0468,288.384,0.0117434,1.63836,120.152,16.3497,2.7680368,0,139.20613
FFT,12800000,0,0.0,7.37801,204.8,0.038884295,10.0203,38.8593,5.2669,32,2.27,7.37801,24,1.112,24.0468,288.384,0.0107729,1.52701,140.261,19.0106,3.6094547,0,139.20613
FFT,16777216,0,0.0,7.5,268.4355,0.084329509,16.5533,23.8738,3.1832,32,2.27,7.5,24,1.112,24.0468,288.384,0.0109682,1.54302,183.556,24.4741,7.6885459,1,139.20613
FFT,25000000,0,0.0,7.67982,400.0,0.065706386,18.1475,46.7524,6.0877,32,2.27,7.67982,24,1.112,24.0468,288.384,0.0240498,3.36435,127.732,16.6321,2.732097,1,139.20613
FFT,33554432,0,0.0,7.8125,536.8709,0.16237653,31.8854,25.8307,3.3063,32,2.27,7.8125,24,1.112,24.0468,288.384,0.0214439,3.06443,195.594,25.036,7.5721549,1,139.20613
FFT,50000000,0,0.0,7.99232,800.0,0.13012147,34.4407,49.1376,6.1481,32,2.27,7.99232,24,1.112,24.0468,288.384,0.0488895,6.8855,130.782,16.3634,2.6615423,1,139.20613
FFT,67108864,0,0.0,8.125,1073.7418,0.31160429,61.8713,27.9975,3.4459,32,2.27,8.125,24,1.112,24.0468,288.384,0.049234,7.11625,177.198,21.809,6.3290469,1,139.20613
GEMM,1024,0,0.0,85.3333,25.1658,0.0044357604,1.90733,484.1298,5.6734,64,2.27,85.3333,24,1.112,24.0468,288.384,0.0144698,1.76946,148.411,1.73919,0.30655298,0,126.90693
GEMM,1152,0,0.0,96.0,31.8505,0.0036152176,1.64539,845.7714,8.8101,64,2.27,96.0,24,1.112,24.0468,288.384,0.0188809,2.16274,161.944,1.68691,0.19147486,0,126.90693
GEMM,1280,0,0.0,106.667,39.3216,0.0048655954,2.27489,862.033,8.0816,64,2.27,106.667,24,1.112,24.0468,288.384,0.0253834,3.29951,165.238,1.5491,0.19168415,0,126.90693
GEMM,1408,0,0.0,117.333,47.5791,0.0063450302,2.9687,879.8411,7.4986,64,2.27,117.333,24,1.112,24.0468,288.384,0.0321002,3.41919,173.912,1.48221,0.19766326,0,126.90693
GEMM,1536,0,0.0,128.0,56.6231,0.0119447,3.99181,606.776,4.7404,64,2.27,128.0,24,1.112,24.0468,288.384,0.0375119,4.58638,193.212,1.50947,0.31842429,0,126.90693
GEMM,1664,0,0.0,138.667,66.4535,0.012110194,5.17052,760.9198,5.4874,64,2.27,138.667,24,1.112,24.0468,288.384,0.049558,5.61634,185.941,1.34092,0.24436405,0,126.90693
GEMM,1792,0,0.0,149.333,77.0703,0.015778552,6.4596,729.4187,4.8845,64,2.27,149.333,24,1.112,24.0468,288.384,0.0640162,7.05879,179.785,1.20392,0.24647749,0,126.90693
GEMM,1920,0,0.0,160.0,88.4736,0.027055187,7.74564,523.2186,3.2701,64,2.27,160.0,24,1.112,24.0468,288.384,0.0765134,8.50078,185.011,1.15632,0.35360064,0,126.90693
GEMM,2048,0,0.0,170.667,100.6633,0.028143532,10.7611,610.4376,3.5768,64,2.27,170.667,24,1.112,24.0468,288.384,0.0901351,11.0393,190.601,1.11681,0.31223721,0,126.90693
GEMM,2304,0,0.0,192.0,127.402,0.034556311,13.2696,707.8644,3.6868,64,2.27,192.0,24,1.112,24.0468,288.384,0.128224,14.8497,190.769,0.993589,0.26949955,0,126.90693
GEMM,2560,0,0.0,213.333,157.2864,0.042643633,19.3369,786.8568,3.6884,64,2.27,213.333,24,1.112,24.0468,288.384,0.173144,20.292,193.795,0.908416,0.24628998,0,126.90693
GEMM,2816,0,0.0,234.667,190.3165,0.067844482,27.6057,658.2842,2.8052,64,2.27,234.667,24,1.112,24.0468,288.384,0.233568,26.5436,191.211,0.814821,0.29046994,0,126.90693
GEMM,3072,0,0.0,256.0,226.4924,0.11995639,43.412,483.3595,1.8881,64,2.27,256.0,24,1.112,24.0468,288.384,0.298694,34.1896,194.118,0.758275,0.40160296,0,126.90693
GEMM,3328,0,0.0,277.333,265.814,0.13468308,59.1302,547.3523,1.9736,64,2.27,277.333,24,1.112,24.0468,288.384,0.381412,43.7098,193.279,0.69692,0.35311704,0,126.90693
GEMM,3584,0,0.0,298.667,308.2813,0.17229778,74.6086,534.3851,1.7892,64,2.27,298.667,24,1.112,24.0468,288.384,0.470553,54.3094,195.67,0.655147,0.36616019,0,126.90693
GEMM,3840,0,0.0,320.0,353.8944,0.24139292,102.384,469.1364,1.4661,64,2.27,320.0,24,1.112,24.0468,288.384,0.580408,67.3866,195.115,0.609734,0.41590212,0,126.90693
GEMM,4096,0,0.0,341.333,402.6532,0.35084336,142.465,391.7388,1.1477,64,2.27,341.333,24,1.112,24.0468,288.384,0.700908,81.7401,196.087,0.574473,0.5005555,0,126.90693
GEMM,4608,0,0.0,384.0,509.6079,0.38798526,172.282,504.3734,1.3135,64,2.27,384.0,24,1.112,24.0468,288.384,1.00557,116.971,194.606,0.506787,0.38583616,0,126.90693
GEMM,5120,0,0.0,426.667,629.1456,0.56802032,249.86,472.5807,1.1076,64,2.27,426.667,24,1.112,24.0468,288.384,1.37172,159.886,195.692,0.458654,0.41409349,0,126.90693
GEMM,5632,0,0.0,469.333,761.2662,0.70501253,319.211,506.7819,1.0798,64,2.27,469.333,24,1.112,24.0468,288.384,1.82764,214.703,195.491,0.41653,0.38575022,0,126.90693
GEMM,6144,0,0.0,512.0,905.9697,1.0408631,452.306,445.646,0.8704,64,2.27,512.0,24,1.112,24.0468,288.384,2.37266,280.021,195.5,0.381836,0.43869038,0,126.90693
GEMM,6656,0,0.0,554.667,1063.2561,1.1395657,535.825,517.5241,0.933,64,2.27,554.667,24,1.112,24.0468,288.384,3.02115,359.659,195.208,0.351937,0.377196,0,126.90693
GEMM,7168,0,0.0,597.333,1233.1254,1.4117978,612.756,521.7368,0.8734,64,2.27,597.333,24,1.112,24.0468,288.384,3.76794,451.996,195.488,0.327268,0.37468691,0,126.90693
GEMM,7680,0,0.0,640.0,1415.5776,1.5845228,673.052,571.7618,0.8934,64,2.27,640.0,24,1.112,24.0468,288.384,4.62937,561.105,195.701,0.305782,0.34227612,0,126.90693
GEMM,8192,0,0.0,682.667,1610.6127,2.0771909,881.68,529.3262,0.7754,64,2.27,682.667,24,1.112,24.0468,288.384,5.62099,688.752,195.608,0.286536,0.36954183,0,126.90693
GEMM,9216,0,0.0,768.0,2038.4317,2.4868236,1021.65,629.5242,0.8197,64,2.27,768.0,24,1.112,24.0468,288.384,8.00662,989.779,195.528,0.254593,0.31059593,0,126.90693
GEMM,10240,0,0.0,853.333,2516.5824,4.3950049,1847.05,488.6192,0.5726,64,2.27,853.333,24,1.112,24.0468,288.384,10.9842,1362.22,195.506,0.229108,0.40012061,0,126.90693
GEMM,11264,0,0.0,938.667,3045.0647,4.6211127,2010.47,618.5308,0.6589,64,2.27,938.667,24,1.112,24.0468,288.384,14.6038,1806.56,195.722,0.208511,0.31643221,0,126.90693
GEMM,12288,0,0.0,1024.0,3623.8787,8.5613356,3592.04,433.4431,0.4233,64,2.27,1024.0,24,1.112,24.0468,288.384,18.9585,2340.26,195.736,0.191148,0.45158296,0,126.90693
GEMM,13312,0,0.0,1109.33,4253.0243,8.7018837,3697.2,542.1839,0.4887,64,2.27,1109.33,24,1.112,24.0468,288.384,24.1059,2994.91,195.721,0.176431,0.36098564,0,126.90693
GEMM,14336,0,0.0,1194.67,4932.5015,10.418955,4362.7,565.5745,0.4734,64,2.27,1194.67,24,1.112,24.0468,288.384,30.093,3736.03,195.816,0.163909,0.3462252,0,126.90693
GEMM,15360,0,0.0,1280.0,5662.3104,10.648019,4440.2,680.6672,0.5318,64,2.27,1280.0,24,1.112,24.0468,288.384,37.0134,4618.08,195.814,0.15298,0.2876801,0,126.90693
GEMM,16384,0,0.0,1365.33,6442.4509,15.43495,6986.73,569.8816,0.4174,64,2.27,684.85236,24,1.112,24.0468,288.384,22.464973,2808.4968,110.55435,2.9672695,0.68706737,0,126.90693
SpMV,1000,10000,0.01,0.142853,0.14,2.9898683e-05,0.010909,0.6689,4.6826,64,2.27,0.0825824,24,1.112,24.0468,288.384,1.331585e-05,0.0016288625,0.4794285,4.3792,2.2453454,0,126.90693
SpMV,2000,40000,0.01,0.153845,0.52,2.6994569e-05,0.0104513,2.9636,19.2633,64,2.27,0.09243555,24,1.112,24.0468,288.384,1.492145e-05,0.0016888375,1.646911,12.565508,1.8091116,0,126.90693
SpMV,5000,250000,0.01,0.16129,3.1,2.672887e-05,0.0106388,18.7064,115.9796,64,2.27,0.10282145,24,1.112,24.0468,288.384,2.34829e-05,0.00255208,3.8570982,28.387463,1.1382269,0,126.90693
SpMV,10000,1000000,0.01,0.163934,12.2,4.695907e-05,0.0206073,42.5903,259.8008,64,2.27,0.10794735,24,1.112,24.0468,288.384,4.10326e-05,0.0056353775,7.3921275,52.8825,1.1444332,0,126.90693
SpMV,12500,1562500,0.01,0.164474,19.0,7.5880065e-05,0.0382212,41.1834,250.3952,64,2.27,0.11136507,24,1.112,24.0468,288.384,5.37083e-05,0.0078031375,8.60267,61.5024,1.4128182,0,126.90693
SpMV,15000,2250000,0.01,0.164835,27.3,0.0041975023,1.98227,1.0721,6.5039,64,2.27,0.11407033,24,1.112,24.0468,288.384,6.8771225e-05,0.010623585,9.5970425,68.73525,61.035736,0,126.90693
SpMV,60000,36000000,0.01,0.166205,433.2,0.02230952,8.98512,3.2273,19.4177,64,2.27,0.13032547,24,1.112,24.0468,288.384,0.0010056245,0.15598552,14.561618,106.5183,22.184743,0,126.90693
SpMV,75000,56250000,0.01,0.166297,676.5,0.032139125,12.4286,3.5004,21.0491,64,2.27,0.13205097,24,1.112,24.0468,288.384,0.0016545889,0.24048425,15.442243,114.4165,19.424235,0,126.90693
SpMV,100000,100000000,0.01,0.166389,1202.0,0.048824681,15.8974,4.0963,24.6187,64,2.27,1.145228,24,1.112,24.0468,288.384,0.0021642772,0.37476802,29.465082,104.07284,22.559347,0,126.90693
SpMV,125000,156250000,0.01,0.166445,1877.5,0.068720796,22.4992,4.5474,27.3207,64,2.27,0.13735163,24,1.112,24.0468,288.384,0.0045384564,0.77404585,17.836535,129.11975,15.141887,0,126.90693
SpMV,150000,225000000,0.01,0.166482,2703.0,0.10728672,32.836,4.1944,25.1942,64,2.27,0.14006608,24,1.112,24.0468,288.384,0.0065657149,1.1015155,18.182405,127.472,16.340448,0,126.90693
SpMV,200000,400000000,0.01,0.166528,4804.0,0.18841661,52.3688,4.2459,25.4967,64,2.27,1.2159124,24,1.112,24.0468,288.384,0.010393967,1.6773151,33.65654,109.00374,18.127497,0,126.90693
SpMV,250000,625000000,0.01,0.166556,7505.0,0.29308336,83.0798,4.265,25.607,64,2.27,0.14709225,24,1.112,24.0468,288.384,0.019290446,3.1666282,19.892,135.832,15.193187,0,126.90693
SpMV,300000,900000000,0.01,0.166574,10806.0,0.3796273,112.472,4.7415,28.4648,64,2.27,0.1493395,24,1.112,24.0468,288.384,0.028521241,4.6067009,19.666825,132.8695,13.310336,1,126.90693
SpMV,1000,1000,0.001,0.0624922,0.032,0.0042575177,1.41255,0.0005,0.0075,64,2.27,0.0825824,24,1.112,24.0468,288.384,1.331585e-05,0.0016288625,0.4794285,4.3792,319.73308,1,126.90693
SpMV,2000,4000,0.001,0.090905,0.088,0.0041185711,1.43792,0.0019,0.0214,64,2.27,0.09243555,24,1.112,24.0468,288.384,1.492145e-05,0.0016888375,1.646911,12.565508,276.01681,0,126.90693
SpMV,5000,25000,0.001,0.124999,0.4,0.0041039743,1.45319,0.0122,0.0975,64,2.27,0.10282145,24,1.112,24.0468,288.384,2.34829e-05,0.00255208,3.8570982,28.387463,174.76437,0,126.90693
SpMV,10000,100000,0.001,0.142857,1.4,0.0041777463,1.51561,0.0479,0.3351,64,2.27,0.10794735,24,1.112,24.0468,288.384,4.10326e-05,0.0056353775,7.3921275,52.8825,101.81529,0,126.90693
SpMV,12500,156250,0.001,0.147059,2.125,0.0041503591,1.55063,0.0753,0.512,64,2.27,0.11136507,24,1.112,24.0468,288.384,5.37083e-05,0.0078031375,8.60267,61.5024,77.275934,0,126.90693
SpMV,15000,225000,0.001,0.15,3.0,0.0041437204,1.53402,0.1086,0.724,64,2.27,0.11407033,24,1.112,24.0468,288.384,6.8771225e-05,0.010623585,9.5970425,68.73525,60.253695,0,126.90693
SpMV,60000,3600000,0.001,0.162162,44.4,0.00023116544,0.0767224,31.1465,192.0702,64,2.27,0.13032547,24,1.112,24.0468,288.384,0.0010056245,0.15598552,14.561618,106.5183,0.22987254,0,126.90693
SpMV,75000,5625000,0.001,0.163043,69.0,0.00026087205,0.0858518,43.1246,264.4975,64,2.27,0.13205097,24,1.112,24.0468,288.384,0.0016545889,0.24048425,15.442243,114.4165,0.15766578,0,126.90693
SpMV,100000,10000000,0.001,0.163934,122.0,0.0029830911,1.04089,6.7045,40.8972,64,2.27,1.145228,24,1.112,24.0468,288.384,0.0021642772,0.37476802,29.465082,104.07284,1.3783313,0,126.90693
SpMV,125000,15625000,0.001,0.164474,190.0,0.0069476789,2.28087,4.4979,27.3473,64,2.27,0.13735163,24,1.112,24.0468,288.384,0.0045384564,0.77404585,17.836535,129.11975,1.5308462,0,126.90693
SpMV,150000,22500000,0.001,0.164835,273.0,0.012230155,3.753,3.6794,22.3219,64,2.27,0.14006608,24,1.112,24.0468,288.384,0.0065657149,1.1015155,18.182405,127.472,1.8627301,0,126.90693
SpMV,200000,40000000,0.001,0.165289,484.0,0.017727124,5.36883,4.5129,27.3028,64,2.27,1.2159124,24,1.112,24.0468,288.384,0.010393967,1.6773151,33.65654,109.00374,1.7055205,0,126.90693
SpMV,250000,62500000,0.001,0.165563,755.0,0.030198222,8.48215,4.1393,25.0015,64,2.27,0.14709225,24,1.112,24.0468,288.384,0.019290446,3.1666282,19.892,135.832,1.5654496,0,126.90693
SpMV,300000,90000000,0.001,0.165746,1086.0,0.03968116,11.9725,4.5362,27.3682,64,2.27,0.1493395,24,1.112,24.0468,288.384,0.028521241,4.6067009,19.666825,132.8695,1.3912845,0,126.90693
SpMV,400000,160000000,0.001,0.165975,1928.0,0.069936585,22.4363,4.5756,27.5678,64,2.27,1.5647805,24,1.112,24.0468,288.384,0.003957745,0.68718195,41.52065,113.05837,17.670816,0,126.90693
SpMV,500000,250000000,0.001,0.166113,3010.0,0.1094478,33.8439,4.5684,27.5017,64,2.27,0.150801,24,1.112,24.0468,288.384,0.0075498303,1.306483,22.117967,147.13267,14.496723,0,126.90693
SpMV,1000000,1000000000,0.001,0.166389,12020.0,0.39958395,122.152,5.0052,30.0813,64,2.27,0.15772667,24,1.112,24.0468,288.384,0.035582853,5.9811337,22.355167,142.32033,11.229677,0,126.90693
SpMV,1000,1000,0.0001,0.0624922,0.032,3.7876571e-05,0.00994,0.0528,0.845,64,2.27,0.0825824,24,1.112,24.0468,288.384,1.331585e-05,0.0016288625,0.4794285,4.3792,2.8444727,0,126.90693
SpMV,2000,2000,0.0001,0.0624961,0.064,3.1389958e-05,0.00939606,0.1274,2.039,64,2.27,0.09243555,24,1.112,24.0468,288.384,1.492145e-05,0.0016888375,1.646911,12.565508,2.1036801,0,126.90693
SpMV,5000,5000,0.0001,0.0624984,0.16,3.0626265e-05,0.00937754,0.3265,5.2244,64,2.27,0.10282145,24,1.112,24.0468,288.384,2.34829e-05,0.00255208,3.8570982,28.387463,1.3041943,0,126.90693
SpMV,10000,10000,0.0001,0.0624992,0.32,2.9393622e-05,0.00899088,0.6804,10.8869,64,2.27,0.10794735,24,1.112,24.0468,288.384,4.10326e-05,0.0056353775,7.3921275,52.8825,0.71634803,0,126.90693
SpMV,12500,15625,0.0001,0.0714279,0.4375,2.8344713e-05,0.00891837,1.1025,15.4351,64,2.27,0.11136507,24,1.112,24.0468,288.384,5.37083e-05,0.0078031375,8.60267,61.5024,0.52775294,0,126.90693
SpMV,15000,22500,0.0001,0.0789468,0.57,2.8129629e-05,0.00871876,1.5997,20.2635,64,2.27,0.11407033,24,1.112,24.0468,288.384,6.8771225e-05,0.010623585,9.5970425,68.73525,0.40903195,0,126.90693
SpMV,60000,360000,0.0001,0.130435,5.52,3.3485994e-05,0.0112,21.5015,164.8452,64,2.27,0.13032547,24,1.112,24.0468,288.384,0.0010056245,0.15598552,14.561618,106.5183,0.033298708,0,126.90693
SpMV,75000,562500,0.0001,0.136364,8.25,4.7508271e-05,0.0164236,23.6801,173.6541,64,2.27,0.13205097,24,1.112,24.0468,288.384,0.0016545889,0.24048425,15.442243,114.4165,0.028713036,0,126.90693
SpMV,100000,1000000,0.0001,0.142857,14.0,5.1855715e-05,0.0207588,38.5686,269.98,64,2.27,1.145228,24,1.112,24.0468,288.384,0.0021642772,0.37476802,29.465082,104.07284,0.02395983,0,126.90693
SpMV,125000,1562500,0.0001,0.147059,21.25,7.8073943e-05,0.0295023,40.0262,272.1779,64,2.27,0.13735163,24,1.112,24.0468,288.384,0.0045384564,0.77404585,17.836535,129.11975,0.017202753,0,126.90693
SpMV,150000,2250000,0.0001,0.15,30.0,9.7181445e-05,0.0381058,46.3051,308.7009,64,2.27,0.14006608,24,1.112,24.0468,288.384,0.0065657149,1.1015155,18.182405,127.472,0.01480135,0,126.90693
SpMV,200000,4000000,0.0001,0.153846,52.0,0.000134851,0.0566561,59.3247,385.6108,64,2.27,1.2159124,24,1.112,24.0468,288.384,0.010393967,1.6773151,33.65654,109.00374,0.012973968,0,126.90693
SpMV,250000,6250000,0.0001,0.15625,80.0,0.00019771162,0.0859688,63.2234,404.6298,64,2.27,0.14709225,24,1.112,24.0468,288.384,0.019290446,3.1666282,19.892,135.832,0.010249199,0,126.90693
SpMV,300000,9000000,0.0001,0.157895,114.0,0.0021426097,0.694755,8.401,53.2061,64,2.27,0.1493395,24,1.112,24.0468,288.384,0.028521241,4.6067009,19.666825,132.8695,0.075123299,0,126.90693
SpMV,400000,16000000,0.0001,0.16,200.0,0.0072654332,2.20655,4.4044,27.5276,64,2.27,1.5647805,24,1.112,24.0468,288.384,0.003957745,0.68718195,41.52065,113.05837,1.8357507,0,126.90693
SpMV,500000,25000000,0.0001,0.16129,310.0,0.011432932,3.27392,4.3733,27.1147,64,2.27,0.150801,24,1.112,24.0468,288.384,0.0075498303,1.306483,22.117967,147.13267,1.5143297,0,126.90693
SpMV,1000000,100000000,0.0001,0.163934,1220.0,0.044554748,13.0401,4.4889,27.382,64,2.27,0.15772667,24,1.112,24.0468,288.384,0.035582853,5.9811337,22.355167,142.32033,1.252141,0,126.90693
SpMV,2000000,400000000,0.0001,0.165289,4840.0,0.17537987,50.9527,4.5615,27.5972,64,2.27,0.1595675,24,1.112,24.0468,288.384,0.01774859,3.1313435,23.9684,150.1715,9.881341,0,126.90693
SpMV,1000,1000,1e-05,0.0624922,0.032,3.3014628e-05,0.00914225,0.0606,0.9694,64,2.27,0.0825824,24,1.112,24.0468,288.384,1.331585e-05,0.0016288625,0.4794285,4.3792,2.4793481,0,126.90693
SpMV,2000,2000,1e-05,0.0624961,0.064,3.1055638e-05,0.00930756,0.1288,2.0609,64,2.27,0.09243555,24,1.112,24.0468,288.384,1.492145e-05,0.0016888375,1.646911,12.565508,2.0812748,0,126.90693
SpMV,5000,5000,1e-05,0.0624984,0.16,3.0956029e-05,0.0094155,0.323,5.1688,64,2.27,0.10282145,24,1.112,24.0468,288.384,2.34829e-05,0.00255208,3.8570982,28.387463,1.3182371,0,126.90693
SpMV,10000,10000,1e-05,0.0624992,0.32,3.0395489e-05,0.00926719,0.658,10.528,64,2.27,0.10794735,24,1.112,24.0468,288.384,4.10326e-05,0.0056353775,7.3921275,52.8825,0.7407644,0,126.90693
SpMV,12500,12500,1e-05,0.0624994,0.4,2.9459085e-05,0.0092866,0.8486,13.5783,64,2.27,0.11136507,24,1.112,24.0468,288.384,5.37083e-05,0.0078031375,8.60267,61.5024,0.54850153,0,126.90693
SpMV,15000,15000,1e-05,0.0624995,0.48,2.9668327e-05,0.0093343,1.0112,16.179,64,2.27,0.11407033,24,1.112,24.0468,288.384,6.8771225e-05,0.010623585,9.5970425,68.73525,0.43140611,0,126.90693
SpMV,60000,60000,1e-05,0.0624999,1.92,2.851207e-05,0.00896555,4.2087,67.34,64,2.27,0.13032547,24,1.112,24.0468,288.384,0.0010056245,0.15598552,14.561618,106.5183,0.028352602,0,126.90693
SpMV,75000,75000,1e-05,0.0624999,2.4,2.9384396e-05,0.00962839,5.1048,81.6761,64,2.27,0.13205097,24,1.112,24.0468,288.384,0.0016545889,0.24048425,15.442243,114.4165,0.017759333,0,126.90693
SpMV,100000,100000,1e-05,0.0624999,3.2,3.041171e-05,0.0103376,6.5764,105.2228,64,2.27,1.145228,24,1.112,24.0468,288.384,0.0021642772,0.37476802,29.465082,104.07284,0.01405167,0,126.90693
SpMV,125000,156250,1e-05,0.0714285,4.375,3.2324552e-05,0.0111369,9.6676,135.3462,64,2.27,0.13735163,24,1.112,24.0468,288.384,0.0045384564,0.77404585,17.836535,129.11975,0.0071223669,0,126.90693
SpMV,150000,225000,1e-05,0.0789473,5.7,3.2739376e-05,0.011628,13.7449,174.1024,64,2.27,0.14006608,24,1.112,24.0468,288.384,0.0065657149,1.1015155,18.182405,127.472,0.0049864146,0,126.90693
SpMV,200000,400000,1e-05,0.090909,8.8,4.2890109e-05,0.0155463,18.6523,205.1756,64,2.27,1.2159124,24,1.112,24.0468,288.384,0.010393967,1.6773151,33.65654,109.00374,0.0041264427,0,126.90693
SpMV,250000,625000,1e-05,0.1,12.5,5.3846731e-05,0.0198266,23.214,232.1404,64,2.27,0.14709225,24,1.112,24.0468,288.384,0.019290446,3.1666282,19.892,135.832,0.0027913678,0,126.90693
SpMV,300000,900000,1e-05,0.107143,16.8,5.9419897e-05,0.0240717,30.2929,282.7336,64,2.27,0.1493395,24,1.112,24.0468,288.384,0.028521241,4.6067009,19.666825,132.8695,0.002083356,0,126.90693
SpMV,400000,1600000,1e-05,0.117647,27.2,9.0457321e-05,0.0349925,35.3758,300.6943,64,2.27,1.5647805,24,1.112,24.0468,288.384,0.003957745,0.68718195,41.52065,113.05837,0.022855773,0,126.90693
SpMV,500000,2500000,1e-05,0.125,40.0,0.00011783884,0.0480326,42.4308,339.4467,64,2.27,0.150801,24,1.112,24.0468,288.384,0.0075498303,1.306483,22.117967,147.13267,0.015608144,0,126.90693
SpMV,1000000,10000000,1e-05,0.142857,140.0,0.01326418,3.43077,1.5078,10.5547,64,2.27,0.15772667,24,1.112,24.0468,288.384,0.035582853,5.9811337,22.355167,142.32033,0.37276887,0,126.90693
SpMV,2000000,40000000,1e-05,0.153846,520.0,0.017991305,5.50769,4.4466,28.9029,64,2.27,0.1595675,24,1.112,24.0468,288.384,0.01774859,3.1313435,23.9684,150.1715,1.0136752,0,126.90693
SpMV,5000000,250000000,1e-05,0.16129,3100.0,0.11371422,35.9616,4.397,27.2613,64,2.27,0.16129,24,1.112,24.0468,288.384,0.022162,3.75052,22.5611,139.879,5.1310449,0,126.90693
SpMV,10000000,1000000000,1e-05,0.163934,12200.0,0.44249205,125.768,4.5199,27.5711,64,2.27,0.163934,24,1.112,24.0468,288.384,0.0806244,14.0544,24.8064,151.319,5.4883143,0,126.90693
FFT,16384,0,0.0,4.37473,0.2622,0.00010182951,0.032068,11.2627,2.5745,64,2.27,684.85236,24,1.112,24.0468,288.384,22.464973,2808.4968,110.55435,2.9672695,4.5328126e-06,0,126.90693
FFT,24000,0,0.0,4.54692,0.384,0.00010137268,0.0335595,17.2245,3.7882,64,2.27,4.54692,24,1.112,24.0468,288.384,4.41078e-05,0.00392824,39.5868,8.7063,2.2982938,0,126.90693
FFT,32768,0,0.0,4.68736,0.5243,0.00010754214,0.0357472,22.8524,4.8753,64,2.27,4.68736,24,1.112,24.0468,288.384,5.31416e-05,0.00544762,46.2462,9.86616,2.0236903,0,126.90693
FFT,48000,0,0.0,4.85951,0.768,0.00013314068,0.0448144,28.0318,5.7685,64,2.27,4.85951,24,1.112,24.0468,288.384,5.86713e-05,0.00645158,63.6117,13.0902,2.2692643,0,126.90693
FFT,65536,0,0.0,4.99992,1.0486,0.00014570664,0.0491887,35.9824,7.1966,64,2.27,4.99992,24,1.112,24.0468,288.384,5.54251e-05,0.00588468,94.5939,18.9191,2.6288928,0,126.90693
FFT,100000,0,0.0,5.19046,1.6,0.0002261139,0.0766045,36.7285,7.0762,64,2.27,1.145228,24,1.112,24.0468,288.384,0.0021642772,0.37476802,29.465082,104.07284,0.10447548,0,126.90693
FFT,131072,0,0.0,5.31246,2.0972,0.00021484861,0.072308,51.8557,9.7611,64,2.27,5.31246,24,1.112,24.0468,288.384,9.75757e-05,0.0107697,114.179,21.4927,2.2018659,0,126.90693
FFT,200000,0,0.0,5.50299,3.2,0.00030824273,0.106586,57.1291,10.3815,64,2.27,1.2159124,24,1.112,24.0468,288.384,0.010393967,1.6773151,33.65654,109.00374,0.029655927,0,126.90693
FFT,262144,0,0.0,5.62498,4.1943,0.00036593246,0.12599,64.4735,11.462,64,2.27,5.62498,24,1.112,24.0468,288.384,0.000192364,0.0231379,122.648,21.8041,1.9022918,0,126.90693
FFT,400000,0,0.0,5.8155,6.4,0.00056550168,0.197812,65.8164,11.3174,64,2.27,1.5647805,24,1.112,24.0468,288.384,0.003957745,0.68718195,41.52065,113.05837,0.14288482,0,126.90693
FFT,524288,0,0.0,5.93749,8.3886,0.00066908026,0.227072,74.4415,12.5375,64,2.27,5.93749,24,1.112,24.0468,288.384,0.00038999,0.0486417,127.714,21.5098,1.7156344,0,126.90693
FFT,800000,0,0.0,6.128,12.8,0.0009672116,0.334467,81.0976,13.2339,64,2.27,6.128,24,1.112,24.0468,288.384,0.000723228,0.0924569,108.456,17.6985,1.3373536,0,126.90693
FFT,1048576,0,0.0,6.24999,16.7772,0.0013022668,0.434492,80.5193,12.8831,64,2.27,6.24999,24,1.112,24.0468,288.384,0.000768862,0.101658,136.38,21.8209,1.6937588,0,126.90693
FFT,1600000,0,0.0,6.44051,25.6,0.0017643609,0.622726,93.4486,14.5095,64,2.27,6.44051,24,1.112,24.0468,288.384,0.00134152,0.193013,122.903,19.0828,1.3151953,0,126.90693
FFT,2097152,0,0.0,6.5625,33.5544,0.0022326683,0.794612,98.6268,15.0289,64,2.27,6.5625,24,1.112,24.0468,288.384,0.00147009,0.202281,149.787,22.8248,1.518729,0,126.90693
FFT,3000000,0,0.0,6.72391,48.0,0.0038276623,1.25947,84.3199,12.5403,64,2.27,6.72391,24,1.112,24.0468,288.384,0.00294057,0.417231,109.757,16.3233,1.3016736,0,126.90693
FFT,3200000,0,0.0,6.75301,51.2,0.0042525327,1.38395,81.3055,12.0399,64,2.27,6.75301,24,1.112,24.0468,288.384,0.00288088,0.392353,120.017,17.7723,1.4761228,0,126.90693
FFT,4194304,0,0.0,6.875,67.1089,0.0118628,3.60514,38.8925,5.6571,64,2.27,6.875,24,1.112,24.0468,288.384,0.00292522,0.396656,157.723,22.9415,4.0553532,0,126.90693
FFT,6000000,0,0.0,7.03641,96.0,0.012733331,3.59092,53.0494,7.5393,64,2.27,7.03641,24,1.112,24.0468,288.384,0.00581424,0.803513,116.18,16.5112,2.1900249,0,126.90693
FFT,6400000,0,0.0,7.06551,102.4,0.011735909,3.77899,61.6491,8.7254,64,2.27,7.06551,24,1.112,24.0468,288.384,0.00541899,0.772385,133.513,18.8965,2.1657005,0,126.90693
FFT,8388608,0,0.0,7.1875,134.2177,0.027531167,7.78179,35.0399,4.8751,64,2.27,7.1875,24,1.112,24.0468,288.384,0.00567426,0.796491,170.012,23.6538,4.8519397,0,126.90693
FFT,12000000,0,0.0,7.34892,192.0,0.033832061,9.43842,41.7058,5.6751,64,2.27,7.34892,24,1.112,24.0468,288.384,0.0117434,1.63836,120.152,16.3497,2.8809426,0,126.90693
FFT,12800000,0,0.0,7.37801,204.8,0.042088825,9.14358,35.9007,4.8659,64,2.27,7.37801,24,1.112,24.0468,288.384,0.0107729,1.52701,140.261,19.0106,3.9069169,0,126.90693
FFT,16777216,0,0.0,7.5,268.4355,0.081222472,16.9779,24.7871,3.3049,64,2.27,7.5,24,1.112,24.0468,288.384,0.0109682,1.54302,183.556,24.4741,7.4052691,1,126.90693
FFT,25000000,0,0.0,7.67982,400.0,0.062218988,16.5259,49.3728,6.4289,64,2.27,7.67982,24,1.112,24.0468,288.384,0.0240498,3.36435,127.732,16.6321,2.5870896,1,126.90693
FFT,33554432,0,0.0,7.8125,536.8709,0.15242254,31.2036,27.5176,3.5223,64,2.27,7.8125,24,1.112,24.0468,288.384,0.0214439,3.06443,195.594,25.036,7.1079671,1,126.90693
FFT,50000000,0,0.0,7.99232,800.0,0.10431459,27.4942,61.294,7.6691,64,2.27,7.99232,24,1.112,24.0468,288.384,0.0488895,6.8855,130.782,16.3634,2.133681,1,126.90693
FFT,67108864,0,0.0,8.125,1073.7418,0.21137517,46.8033,41.2733,5.0798,64,2.27,8.125,24,1.112,24.0468,288.384,0.049234,7.11625,177.198,21.809,4.2932764,1,126.90693
GEMM,1024,0,0.0,85.3333,25.1658,0.0032043685,0.351044,670.1737,7.8536,8,2.27,85.3333,108,1.41,42.4059,1555.2,0.000223972,0.36106,9588.18,112.361,14.307005,0,7.86533
GEMM,1152,0,0.0,96.0,31.8505,0.004335311,0.471861,705.2891,7.3468,8,2.27,96.0,108,1.41,42.4059,1555.2,0.000304757,0.36323,10033.1,104.511,14.225468,0,7.86533
GEMM,1280,0,0.0,106.667,39.3216,0.006177645,0.68466,678.9487,6.3651,8,2.27,106.667,108,1.41,42.4059,1555.2,0.000427687,0.36706,9806.95,91.9401,14.444313,0,7.86533
GEMM,1408,0,0.0,117.333,47.5791,0.0078479475,1.02347,711.3476,6.0626,8,2.27,117.333,108,1.41,42.4059,1555.2,0.000519321,0.38426,10749.8,91.618,15.111939,0,7.86533
GEMM,1536,0,0.0,128.0,56.6231,0.010103444,1.27151,717.3551,5.6043,8,2.27,128.0,108,1.41,42.4059,1555.2,0.000730855,0.41113,9916.82,77.4752,13.824144,0,7.86533
GEMM,1664,0,0.0,138.667,66.4535,0.015341228,1.86633,600.6616,4.3317,8,2.27,138.667,108,1.41,42.4059,1555.2,0.000906743,0.36216,10162.6,73.2881,16.919047,0,7.86533
GEMM,1792,0,0.0,149.333,77.0703,0.018884479,2.33975,609.4513,4.0811,8,2.27,149.333,108,1.41,42.4059,1555.2,0.00103254,0.36004,11146.5,74.6416,18.289344,0,7.86533
GEMM,1920,0,0.0,160.0,88.4736,0.022752733,2.81893,622.1572,3.8885,8,2.27,160.0,108,1.41,42.4059,1555.2,0.00125751,0.36008,11257.0,70.3561,18.093481,0,7.86533
GEMM,2048,0,0.0,170.667,100.6633,0.029038784,3.52178,591.6181,3.4665,8,2.27,170.667,108,1.41,42.4059,1555.2,0.00153804,0.36004,11170.0,65.4489,18.880383,0,7.86533
GEMM,2304,0,0.0,192.0,127.402,0.038659975,4.78105,632.7262,3.2954,8,2.27,192.0,108,1.41,42.4059,1555.2,0.00206291,0.36008,11857.6,61.7585,18.740505,0,7.86533
GEMM,2560,0,0.0,213.333,157.2864,0.052334319,6.40691,641.1554,3.0054,8,2.27,213.333,108,1.41,42.4059,1555.2,0.00332957,0.36102,10077.7,47.2393,15.718041,0,7.86533
GEMM,2816,0,0.0,234.667,190.3165,0.070732659,8.66673,631.4049,2.6906,8,2.27,234.667,108,1.41,42.4059,1555.2,0.004327,0.35005,10321.5,43.9835,16.346813,0,7.86533
GEMM,3072,0,0.0,256.0,226.4924,0.087109574,10.8163,665.6221,2.6001,8,2.27,256.0,108,1.41,42.4059,1555.2,0.00579087,0.35115,10012.7,39.112,15.042571,0,7.86533
GEMM,3328,0,0.0,277.333,265.814,0.098925477,12.5967,745.1982,2.687,8,2.27,277.333,108,1.41,42.4059,1555.2,0.00738758,0.35698,9978.79,35.9812,13.390783,0,7.86533
GEMM,3584,0,0.0,298.667,308.2813,0.1215081,15.6104,757.7549,2.5371,8,2.27,298.667,108,1.41,42.4059,1555.2,0.00849337,0.35604,10840.6,36.2967,14.30623,1,7.86533
GEMM,3840,0,0.0,320.0,353.8944,0.148103,19.0666,764.6449,2.3895,8,2.27,320.0,108,1.41,42.4059,1555.2,0.0085518,0.368,13242.4,41.3824,17.318342,0,7.86533
GEMM,4096,0,0.0,341.333,402.6532,0.18518595,24.395,742.1673,2.1743,8,2.27,341.333,108,1.41,42.4059,1555.2,0.00820414,0.4433,16752.4,49.0793,22.572256,0,7.86533
GEMM,4608,0,0.0,384.0,509.6079,0.25094834,32.6579,779.7997,2.0307,8,2.27,384.0,108,1.41,42.4059,1555.2,0.0109939,2.22392,17799.8,46.3535,22.826144,0,7.86533
GEMM,5120,0,0.0,426.667,629.1456,0.35045865,45.6115,765.9547,1.7952,8,2.27,426.667,108,1.41,42.4059,1555.2,0.0228201,3.88284,11763.1,27.5698,15.357455,0,7.86533
GEMM,5632,0,0.0,469.333,761.2662,0.45400878,59.6761,786.9619,1.6768,8,2.27,469.333,108,1.41,42.4059,1555.2,0.0209859,8.35512,17025.1,36.275,21.633991,0,7.86533
GEMM,6144,0,0.0,512.0,905.9697,0.60780225,80.436,763.17,1.4906,8,2.27,512.0,108,1.41,42.4059,1555.2,0.028912,1.71225,16043.7,31.3354,21.022491,0,7.86533
GEMM,6656,0,0.0,554.667,1063.2561,0.75455278,98.3995,781.5924,1.4091,8,2.27,554.667,108,1.41,42.4059,1555.2,0.0361742,10.1592,16303.1,29.3927,20.858866,1,7.86533
GEMM,7168,0,0.0,597.333,1233.1254,0.94728696,124.625,777.5752,1.3017,8,2.27,597.333,108,1.41,42.4059,1555.2,0.0460205,13.0321,16005.6,26.7952,20.584021,1,7.86533
GEMM,7680,0,0.0,640.0,1415.5776,1.1401819,150.681,794.5834,1.2415,8,2.27,640.0,108,1.41,42.4059,1555.2,0.0582518,15.2909,15552.6,24.301,19.573333,1,7.86533
GEMM,8192,0,0.0,682.667,1610.6127,1.4835456,191.949,741.1378,1.0857,8,2.27,682.667,108,1.41,42.4059,1555.2,0.0704992,20.4649,15596.1,22.8458,21.043438,1,7.86533
GEMM,9216,0,0.0,768.0,2038.4317,1.9923605,263.702,785.7592,1.0231,8,2.27,768.0,108,1.41,42.4059,1555.2,0.0934851,22.8632,16746.1,21.8049,21.312065,1,7.86533
GEMM,10240,0,0.0,853.333,2516.5824,2.8048339,368.186,765.6367,0.8972,8,2.27,853.333,108,1.41,42.4059,1555.2,0.130942,32.8229,16400.3,19.2191,21.42043,1,7.86533
GEMM,11264,0,0.0,938.667,3045.0647,3.6650835,480.35,779.8733,0.8308,8,2.27,938.667,108,1.41,42.4059,1555.2,0.183518,47.2967,15575.0,16.5927,19.971248,1,7.86533
GEMM,12288,0,0.0,1024.0,3623.8787,4.9017138,644.038,757.0519,0.7393,8,2.27,1024.0,108,1.41,42.4059,1555.2,0.230713,59.2992,16084.3,15.7073,21.245937,1,7.86533
GEMM,13312,0,0.0,1109.33,4253.0243,6.0153749,795.29,784.3271,0.707,8,2.27,1109.33,108,1.41,42.4059,1555.2,0.306896,75.0488,15373.4,13.8582,19.600695,1,7.86533
GEMM,14336,0,0.0,1194.67,4932.5015,7.6977347,1011.86,765.5103,0.6408,8,2.27,1194.67,108,1.41,42.4059,1555.2,0.381316,94.7213,15453.6,12.9355,20.187285,1,7.86533
GEMM,15360,0,0.0,1280.0,5662.3104,9.1585219,1224.88,791.3676,0.6183,8,2.27,1280.0,108,1.41,42.4059,1555.2,0.443614,113.409,16338.0,12.764,20.64525,1,7.86533
GEMM,16384,0,0.0,1365.33,6442.4509,12.257888,1566.83,717.5863,0.5256,8,2.27,684.85236,108,1.41,42.4059,1555.2,0.28555231,71.259122,7724.5337,10.9629,42.926944,1,7.86533
SpMV,1000,10000,0.01,0.142853,0.14,6.588082e-06,0.000631102,3.0358,21.2511,8,2.27,0.0825824,108,1.41,42.4059,1555.2,1.0033642e-05,0.00353698,0.64190675,5.8454725,0.65659924,0,7.86533
SpMV,2000,40000,0.01,0.153845,0.52,1.1653694e-05,0.00112866,6.8648,44.6214,8,2.27,0.09243555,108,1.41,42.4059,1555.2,1.07304e-05,0.00357187,2.3093575,17.588552,1.0860447,0,7.86533
SpMV,5000,250000,0.01,0.16129,3.1,5.2170602e-05,0.00497289,9.5839,59.4205,8,2.27,0.10282145,108,1.41,42.4059,1555.2,1.1417925e-05,0.0011271525,11.829851,79.78445,4.5691842,0,7.86533
SpMV,10000,1000000,0.01,0.163934,12.2,0.0001565789,0.0157718,12.7731,77.916,8,2.27,0.10794735,108,1.41,42.4059,1555.2,1.30647e-05,0.00135108,33.68332,217.98122,11.984883,0,7.86533
SpMV,12500,1562500,0.01,0.164474,19.0,0.00023146059,0.0235385,13.5012,82.0874,8,2.27,0.11136507,108,1.41,42.4059,1555.2,1.40169e-05,0.0016174925,44.777222,287.84665,16.512966,0,7.86533
SpMV,15000,2250000,0.01,0.164835,27.3,0.00033982714,0.0345801,13.242,80.335,8,2.27,0.11407033,108,1.41,42.4059,1555.2,1.598345e-05,0.00170081,51.823647,332.03562,21.261189,0,7.86533
SpMV,20000,4000000,0.01,0.165289,48.4,0.00068579541,0.0696061,11.6653,70.575,8,2.27,0.11813582,108,1.41,42.4059,1555.2,2.2212425e-05,0.0033387775,55.85616,361.57735,30.874405,0,7.86533
SpMV,25000,6250000,0.01,0.165563,75.5,0.0013130414,0.131064,9.5199,57.5001,8,2.27,0.1210781,108,1.41,42.4059,1555.2,2.79917e-05,0.0054560175,66.605598,430.47345,46.908239,0,7.86533
SpMV,30000,9000000,0.01,0.165746,108.6,0.0018152031,0.18045,9.9162,59.828,8,2.27,0.12332092,108,1.41,42.4059,1555.2,3.56326e-05,0.00757273,73.836183,477.53517,50.942201,0,7.86533
SpMV,40000,16000000,0.01,0.165975,192.8,0.0032056777,0.318543,9.9823,60.1433,8,2.27,0.12653045,108,1.41,42.4059,1555.2,5.50146e-05,0.012376025,87.244232,565.4955,58.269582,0,7.86533
SpMV,50000,25000000,0.01,0.166113,301.0,0.0054237333,0.538603,9.2187,55.4968,8,2.27,0.1287257,108,1.41,42.4059,1555.2,8.0508675e-05,0.019505693,95.799697,621.74475,67.368309,0,7.86533
SpMV,60000,36000000,0.01,0.166205,433.2,0.0073957495,0.739957,9.7353,58.5742,8,2.27,0.13032547,108,1.41,42.4059,1555.2,0.00011627385,0.027408225,97.535197,637.60925,63.606301,0,7.86533
SpMV,75000,56250000,0.01,0.166297,676.5,0.01192996,1.21909,9.43,56.706,8,2.27,0.13205097,108,1.41,42.4059,1555.2,0.0001865068,0.044820515,105.17467,691.289,63.96528,0,7.86533
SpMV,100000,100000000,0.01,0.166389,1202.0,0.021443029,2.19014,9.327,56.0555,8,2.27,1.145228,108,1.41,42.4059,1555.2,0.00029446208,0.07975752,172.75946,596.77378,72.821019,0,7.86533
SpMV,125000,156250000,0.01,0.166445,1877.5,0.033254564,3.4011,9.3972,56.4584,8,2.27,0.13735163,108,1.41,42.4059,1555.2,0.00062646075,0.15128955,122.76082,814.95025,53.083235,0,7.86533
SpMV,150000,225000000,0.01,0.166482,2703.0,0.047200112,4.87744,9.5339,57.2668,8,2.27,0.14006608,108,1.41,42.4059,1555.2,0.0009279678,0.24008215,117.04255,774.27375,50.863955,0,7.86533
SpMV,200000,400000000,0.01,0.166528,4804.0,0.084634679,8.70362,9.4524,56.7616,8,2.27,1.2159124,108,1.41,42.4059,1555.2,0.0013736189,0.33664047,261.23632,700.6226,61.614382,0,7.86533
SpMV,250000,625000000,0.01,0.166556,7505.0,0.1125728,11.9339,11.1039,66.668,8,2.27,0.14709225,108,1.41,42.4059,1555.2,0.0025939844,0.62792525,135.30115,900.6195,43.397642,0,7.86533
SpMV,300000,900000000,0.01,0.166574,10806.0,0.16786645,17.9208,10.7228,64.3726,8,2.27,0.1493395,108,1.41,42.4059,1555.2,0.0036412372,0.9169446,140.32192,927.0245,46.101487,0,7.86533
SpMV,1000,1000,0.001,0.0624922,0.032,3.531028e-06,0.000343078,0.5664,9.0636,8,2.27,0.0825824,108,1.41,42.4059,1555.2,1.0033642e-05,0.00353698,0.64190675,5.8454725,0.35191886,0,7.86533
SpMV,2000,4000,0.001,0.090905,0.088,3.886445e-06,0.000361327,2.0584,22.6438,8,2.27,0.09243555,108,1.41,42.4059,1555.2,1.07304e-05,0.00357187,2.3093575,17.588552,0.36219013,0,7.86533
SpMV,5000,25000,0.001,0.124999,0.4,1.4321989e-05,0.00140167,3.4911,27.9294,8,2.27,0.10282145,108,1.41,42.4059,1555.2,1.1417925e-05,0.0011271525,11.829851,79.78445,1.2543425,1,7.86533
SpMV,10000,100000,0.001,0.142857,1.4,3.5165099e-05,0.00338848,5.6875,39.8123,8,2.27,0.10794735,108,1.41,42.4059,1555.2,1.30647e-05,0.00135108,33.68332,217.98122,2.6916117,1,7.86533
SpMV,12500,156250,0.001,0.147059,2.125,4.3158688e-05,0.0041837,7.2407,49.237,8,2.27,0.11136507,108,1.41,42.4059,1555.2,1.40169e-05,0.0016174925,44.777222,287.84665,3.0790466,0,7.86533
SpMV,15000,225000,0.001,0.15,3.0,5.1030342e-05,0.0049486,8.8183,58.7886,8,2.27,0.11407033,108,1.41,42.4059,1555.2,1.598345e-05,0.00170081,51.823647,332.03562,3.1926988,0,7.86533
SpMV,20000,400000,0.001,0.153846,5.2,8.7640792e-05,0.00852616,9.1282,59.3331,8,2.27,0.11813582,108,1.41,42.4059,1555.2,2.2212425e-05,0.0033387775,55.85616,361.57735,3.9455751,0,7.86533
SpMV,25000,625000,0.001,0.15625,8.0,0.00013555115,0.0132247,9.2216,59.0183,8,2.27,0.1210781,108,1.41,42.4059,1555.2,2.79917e-05,0.0054560175,66.605598,430.47345,4.8425479,0,7.86533
SpMV,30000,900000,0.001,0.157895,11.4,0.00016274855,0.0162081,11.06,70.0467,8,2.27,0.12332092,108,1.41,42.4059,1555.2,3.56326e-05,0.00757273,73.836183,477.53517,4.5674059,0,7.86533
SpMV,40000,1600000,0.001,0.16,20.0,0.00025781273,0.0263551,12.4121,77.5757,8,2.27,0.12653045,108,1.41,42.4059,1555.2,5.50146e-05,0.012376025,87.244232,565.4955,4.6862603,0,7.86533
SpMV,50000,2500000,0.001,0.16129,31.0,0.00044203064,0.0450744,11.3114,70.1309,8,2.27,0.1287257,108,1.41,42.4059,1555.2,8.0508675e-05,0.019505693,95.799697,621.74475,5.4904722,0,7.86533
SpMV,60000,3600000,0.001,0.162162,44.4,0.0006459989,0.0673277,11.1455,68.7308,8,2.27,0.13032547,108,1.41,42.4059,1555.2,0.00011627385,0.027408225,97.535197,637.60925,5.5558399,0,7.86533
SpMV,75000,5625000,0.001,0.163043,69.0,0.0010832952,0.11497,10.385,63.6946,8,2.27,0.13205097,108,1.41,42.4059,1555.2,0.0001865068,0.044820515,105.17467,691.289,5.8083418,0,7.86533
SpMV,100000,10000000,0.001,0.163934,122.0,0.00187886,0.203039,10.6448,64.933,8,2.27,1.145228,108,1.41,42.4059,1555.2,0.00029446208,0.07975752,172.75946,596.77378,6.3806519,0,7.86533
SpMV,125000,15625000,0.001,0.164474,190.0,0.0028691287,0.303124,10.8918,66.2222,8,2.27,0.13735163,108,1.41,42.4059,1555.2,0.00062646075,0.15128955,122.76082,814.95025,4.5799017,0,7.86533
SpMV,150000,22500000,0.001,0.164835,273.0,0.0046271877,0.499091,9.7251,58.9991,8,2.27,0.14006608,108,1.41,42.4059,1555.2,0.0009279678,0.24008215,117.04255,774.27375,4.9863667,0,7.86533
SpMV,200000,40000000,0.001,0.165289,484.0,0.0080935558,0.876837,9.8844,59.8007,8,2.27,1.2159124,108,1.41,42.4059,1555.2,0.0013736189,0.33664047,261.23632,700.6226,5.8921407,0,7.86533
SpMV,250000,62500000,0.001,0.165563,755.0,0.013780798,1.48585,9.0706,54.7864,8,2.27,0.14709225,108,1.41,42.4059,1555.2,0.0025939844,0.62792525,135.30115,900.6195,5.3125989,0,7.86533
SpMV,300000,90000000,0.001,0.165746,1086.0,0.019138384,2.07337,9.4052,56.7446,8,2.27,0.1493395,108,1.41,42.4059,1555.2,0.0036412372,0.9169446,140.32192,927.0245,5.2560112,0,7.86533
SpMV,400000,160000000,0.001,0.165975,1928.0,0.032885085,3.59462,9.7309,58.6284,8,2.27,1.2851438,108,1.41,42.4059,1555.2,0.005075361,1.2241048,396.203,850.8394,6.4793589,0,7.86533
SpMV,1000,1000,0.0001,0.0624922,0.032,3.397746e-06,0.000342651,0.5886,9.4192,8,2.27,0.0825824,108,1.41,42.4059,1555.2,1.0033642e-05,0.00353698,0.64190675,5.8454725,0.33863535,0,7.86533
SpMV,2000,2000,0.0001,0.0624961,0.064,3.563636e-06,0.000368163,1.1224,17.9603,8,2.27,0.09243555,108,1.41,42.4059,1555.2,1.07304e-05,0.00357187,2.3093575,17.588552,0.33210654,0,7.86533
SpMV,5000,5000,0.0001,0.0624984,0.16,3.922538e-06,0.000371765,2.5494,40.7909,8,2.27,0.10282145,108,1.41,42.4059,1555.2,1.1417925e-05,0.0011271525,11.829851,79.78445,0.34354211,0,7.86533
SpMV,10000,10000,0.0001,0.0624992,0.32,4.593662e-06,0.000470701,4.3538,69.6621,8,2.27,0.10794735,108,1.41,42.4059,1555.2,1.30647e-05,0.00135108,33.68332,217.98122,0.35160869,0,7.86533
SpMV,12500,15625,0.0001,0.0714279,0.4375,6.55177e-06,0.000667906,4.7697,66.7765,8,2.27,0.11136507,108,1.41,42.4059,1555.2,1.40169e-05,0.0016174925,44.777222,287.84665,0.46741933,0,7.86533
SpMV,15000,22500,0.0001,0.0789468,0.57,7.655908e-06,0.000770506,5.8778,74.4528,8,2.27,0.11407033,108,1.41,42.4059,1555.2,1.598345e-05,0.00170081,51.823647,332.03562,0.4789897,0,7.86533
SpMV,20000,40000,0.0001,0.0909087,0.88,8.717922e-06,0.000899839,9.1765,100.9419,8,2.27,0.11813582,108,1.41,42.4059,1555.2,2.2212425e-05,0.0033387775,55.85616,361.57735,0.39247952,0,7.86533
SpMV,25000,62500,0.0001,0.0999997,1.25,1.010575e-05,0.00102527,12.3692,123.6924,8,2.27,0.1210781,108,1.41,42.4059,1555.2,2.79917e-05,0.0054560175,66.605598,430.47345,0.36102666,0,7.86533
SpMV,30000,90000,0.0001,0.107143,1.68,1.160689e-05,0.00124475,15.508,144.742,8,2.27,0.12332092,108,1.41,42.4059,1555.2,3.56326e-05,0.00757273,73.836183,477.53517,0.32573795,0,7.86533
SpMV,40000,160000,0.0001,0.117647,2.72,1.7109874e-05,0.00181658,18.7027,158.9728,8,2.27,0.12653045,108,1.41,42.4059,1555.2,5.50146e-05,0.012376025,87.244232,565.4955,0.31100606,0,7.86533
SpMV,50000,250000,0.0001,0.125,4.0,0.00011280032,0.011521,4.4326,35.4609,8,2.27,0.1287257,108,1.41,42.4059,1555.2,8.0508675e-05,0.019505693,95.799697,621.74475,1.4010952,0,7.86533
SpMV,60000,360000,0.0001,0.130435,5.52,0.0001329719,0.0135083,5.4147,41.5126,8,2.27,0.13032547,108,1.41,42.4059,1555.2,0.00011627385,0.027408225,97.535197,637.60925,1.1436097,0,7.86533
SpMV,75000,562500,0.0001,0.136364,8.25,0.00016753188,0.0156762,6.7151,49.2444,8,2.27,0.13205097,108,1.41,42.4059,1555.2,0.0001865068,0.044820515,105.17467,691.289,0.89826151,0,7.86533
SpMV,100000,1000000,0.0001,0.142857,14.0,0.00032324412,0.0319237,6.1873,43.3109,8,2.27,1.145228,108,1.41,42.4059,1555.2,0.00029446208,0.07975752,172.75946,596.77378,1.0977445,0,7.86533
SpMV,125000,1562500,0.0001,0.147059,21.25,0.0004043481,0.0399035,7.7285,52.5537,8,2.27,0.13735163,108,1.41,42.4059,1555.2,0.00062646075,0.15128955,122.76082,814.95025,0.64544842,0,7.86533
SpMV,150000,2250000,0.0001,0.15,30.0,0.00048957458,0.0508946,9.1917,61.2777,8,2.27,0.14006608,108,1.41,42.4059,1555.2,0.0009279678,0.24008215,117.04255,774.27375,0.52757712,0,7.86533
SpMV,200000,4000000,0.0001,0.153846,52.0,0.00093377096,0.09952,8.5674,55.6882,8,2.27,1.2159124,108,1.41,42.4059,1555.2,0.0013736189,0.33664047,261.23632,700.6226,0.67978896,0,7.86533
SpMV,250000,6250000,0.0001,0.15625,80.0,0.0014855608,0.158512,8.4143,53.8517,8,2.27,0.14709225,108,1.41,42.4059,1555.2,0.0025939844,0.62792525,135.30115,900.6195,0.57269459,0,7.86533
SpMV,300000,9000000,0.0001,0.157895,114.0,0.0019132829,0.207591,9.4079,59.5835,8,2.27,0.1493395,108,1.41,42.4059,1555.2,0.0036412372,0.9169446,140.32192,927.0245,0.52544858,0,7.86533
SpMV,400000,16000000,0.0001,0.16,200.0,0.0033299948,0.360448,9.6096,60.0602,8,2.27,1.2851438,108,1.41,42.4059,1555.2,0.005075361,1.2241048,396.203,850.8394,0.65610994,0,7.86533
SpMV,1000,1000,1e-05,0.0624922,0.032,3.376091e-06,0.000290466,0.5924,9.4796,8,2.27,0.0825824,108,1.41,42.4059,1555.2,1.0033642e-05,0.00353698,0.64190675,5.8454725,0.33647711,0,7.86533
SpMV,2000,2000,1e-05,0.0624961,0.064,3.530211e-06,0.00035205,1.1331,18.1304,8,2.27,0.09243555,108,1.41,42.4059,1555.2,1.07304e-05,0.00357187,2.3093575,17.588552,0.32899156,0,7.86533
SpMV,5000,5000,1e-05,0.0624984,0.16,3.919009e-06,0.000370361,2.5517,40.8277,8,2.27,0.10282145,108,1.41,42.4059,1555.2,1.1417925e-05,0.0011271525,11.829851,79.78445,0.34323303,0,7.86533
SpMV,10000,10000,1e-05,0.0624992,0.32,4.522034e-06,0.000472106,4.4228,70.7655,8,2.27,0.10794735,108,1.41,42.4059,1555.2,1.30647e-05,0.00135108,33.68332,217.98122,0.34612613,0,7.86533
SpMV,12500,12500,1e-05,0.0624994,0.4,4.802982e-06,0.000485045,5.2051,83.2824,8,2.27,0.11136507,108,1.41,42.4059,1555.2,1.40169e-05,0.0016174925,44.777222,287.84665,0.34265651,0,7.86533
SpMV,15000,15000,1e-05,0.0624995,0.48,5.25227e-06,0.000486754,5.7118,91.3898,8,2.27,0.11407033,108,1.41,42.4059,1555.2,1.598345e-05,0.00170081,51.823647,332.03562,0.32860678,0,7.86533
SpMV,20000,20000,1e-05,0.0624996,0.64,5.931191e-06,0.00058795,6.744,107.9048,8,2.27,0.11813582,108,1.41,42.4059,1555.2,2.2212425e-05,0.0033387775,55.85616,361.57735,0.26702132,0,7.86533
SpMV,25000,25000,1e-05,0.0624997,0.8,6.640582e-06,0.000689268,7.5295,120.472,8,2.27,0.1210781,108,1.41,42.4059,1555.2,2.79917e-05,0.0054560175,66.605598,430.47345,0.23723397,0,7.86533
SpMV,30000,30000,1e-05,0.0624997,0.96,7.4895e-06,0.000788267,8.0112,128.18,8,2.27,0.12332092,108,1.41,42.4059,1555.2,3.56326e-05,0.00757273,73.836183,477.53517,0.21018674,0,7.86533
SpMV,40000,40000,1e-05,0.0624998,1.28,8.741172e-06,0.000914488,9.1521,146.4339,8,2.27,0.12653045,108,1.41,42.4059,1555.2,5.50146e-05,0.012376025,87.244232,565.4955,0.15888822,0,7.86533
SpMV,50000,50000,1e-05,0.0624998,1.6,1.019792e-05,0.0018396,9.8059,156.8951,8,2.27,0.1287257,108,1.41,42.4059,1555.2,8.0508675e-05,0.019505693,95.799697,621.74475,0.12666859,0,7.86533
SpMV,60000,60000,1e-05,0.0624999,1.92,1.174192e-05,0.0,10.2198,163.517,8,2.27,0.13032547,108,1.41,42.4059,1555.2,0.00011627385,0.027408225,97.535197,637.60925,0.10098505,0,7.86533
SpMV,75000,75000,1e-05,0.0624999,2.4,1.37691e-05,0.0018811,10.894,174.3036,8,2.27,0.13205097,108,1.41,42.4059,1555.2,0.0001865068,0.044820515,105.17467,691.289,0.073826263,0,7.86533
SpMV,100000,100000,1e-05,0.0624999,3.2,1.73099e-05,0.00212402,11.5541,184.8655,8,2.27,1.145228,108,1.41,42.4059,1555.2,0.00029446208,0.07975752,172.75946,596.77378,0.058784819,0,7.86533
SpMV,125000,156250,1e-05,0.0714285,4.375,3.782106e-05,0.00402098,8.2626,115.6764,8,2.27,0.13735163,108,1.41,42.4059,1555.2,0.00062646075,0.15128955,122.76082,814.95025,0.060372593,0,7.86533
SpMV,150000,225000,1e-05,0.0789473,5.7,4.50762e-05,0.00390256,9.9831,126.4526,8,2.27,0.14006608,108,1.41,42.4059,1555.2,0.0009279678,0.24008215,117.04255,774.27375,0.048575177,0,7.86533
SpMV,200000,400000,1e-05,0.090909,8.8,5.898974e-05,0.00631956,13.5617,149.1786,8,2.27,1.2159124,108,1.41,42.4059,1555.2,0.0013736189,0.33664047,261.23632,700.6226,0.042944764,0,7.86533
SpMV,250000,625000,1e-05,0.1,12.5,7.404248e-05,0.0089758,16.8822,168.8221,8,2.27,0.14709225,108,1.41,42.4059,1555.2,0.0025939844,0.62792525,135.30115,900.6195,0.028543919,0,7.86533
SpMV,300000,900000,1e-05,0.107143,16.8,8.854574e-05,0.00987424,20.3285,189.7325,8,2.27,0.1493395,108,1.41,42.4059,1555.2,0.0036412372,0.9169446,140.32192,927.0245,0.024317487,0,7.86533
SpMV,400000,1600000,1e-05,0.117647,27.2,0.00014557962,0.0185388,21.9811,186.8394,8,2.27,1.2851438,108,1.41,42.4059,1555.2,0.005075361,1.2241048,396.203,850.8394,0.028683599,0,7.86533
FFT,16384,0,0.0,4.37473,0.2622,2.4585078e-05,0.00245886,46.6494,10.6634,8,2.27,684.85236,108,1.41,42.4059,1555.2,0.28555231,71.259122,7724.5337,10.9629,8.6096581e-05,0,7.86533
FFT,24000,0,0.0,4.54692,0.384,3.009186e-05,0.00296753,58.0253,12.7615,8,2.27,4.54692,108,1.41,42.4059,1555.2,1.80542e-05,0.0011182,96.7139,21.2702,1.6667512,1,7.86533
FFT,32768,0,0.0,4.68736,0.5243,4.091138e-05,0.00400878,60.0713,12.8156,8,2.27,4.68736,108,1.41,42.4059,1555.2,4.67572e-05,0.00340818,52.5609,11.2133,0.87497498,0,7.86533
FFT,48000,0,0.0,4.85951,0.768,3.999303e-05,0.00394957,93.3207,19.2037,8,2.27,4.85951,108,1.41,42.4059,1555.2,1.97638e-05,0.00126092,188.839,38.8598,2.0235496,0,7.86533
FFT,65536,0,0.0,4.99992,1.0486,4.919993e-05,0.00514892,106.5628,21.3129,8,2.27,4.99992,108,1.41,42.4059,1555.2,1.78925e-05,0.00131446,293.022,58.6052,2.7497516,1,7.86533
FFT,100000,0,0.0,5.19046,1.6,8.31371e-05,0.00823606,99.8931,19.2455,8,2.27,1.145228,108,1.41,42.4059,1555.2,0.00029446208,0.07975752,172.75946,596.77378,0.2823355,0,7.86533
FFT,131072,0,0.0,5.31246,2.0972,9.328016e-05,0.00951719,119.4372,22.4825,8,2.27,5.31246,108,1.41,42.4059,1555.2,1.84689e-05,0.0015114,603.236,113.551,5.0506614,0,7.86533
FFT,200000,0,0.0,5.50299,3.2,0.00012278454,0.0130401,143.419,26.062,8,2.27,1.2159124,108,1.41,42.4059,1555.2,0.0013736189,0.33664047,261.23632,700.6226,0.089387631,0,7.86533
FFT,262144,0,0.0,5.62498,4.1943,0.00017635756,0.0194384,133.7791,23.783,8,2.27,5.62498,108,1.41,42.4059,1555.2,2.3565e-05,0.00400904,1001.18,177.989,7.4838769,0,7.86533
FFT,400000,0,0.0,5.8155,6.4,0.00022713877,0.0253979,163.8614,28.1767,8,2.27,1.2851438,108,1.41,42.4059,1555.2,0.005075361,1.2241048,396.203,850.8394,0.044753224,0,7.86533
FFT,524288,0,0.0,5.93749,8.3886,0.00034054641,0.0374102,146.2572,24.6328,8,2.27,5.93749,108,1.41,42.4059,1555.2,2.87296e-05,0.00469192,1733.66,291.986,11.853503,0,7.86533
FFT,800000,0,0.0,6.128,12.8,0.00051995526,0.0576231,150.8564,24.6175,8,2.27,6.128,108,1.41,42.4059,1555.2,4.08871e-05,0.0075054,1918.42,313.057,12.716853,0,7.86533
FFT,1048576,0,0.0,6.24999,16.7772,0.0010489462,0.11131,99.9647,15.9944,8,2.27,6.24999,108,1.41,42.4059,1555.2,4.91179e-05,0.034577,2134.81,341.57,21.355682,1,7.86533
FFT,1600000,0,0.0,6.44051,25.6,0.0013108013,0.139947,125.7835,19.5301,8,2.27,6.44051,108,1.41,42.4059,1555.2,7.13842e-05,0.0169766,2309.71,358.623,18.362625,0,7.86533
FFT,2097152,0,0.0,6.5625,33.5544,0.0023093141,0.242022,95.3534,14.53,8,2.27,6.5625,108,1.41,42.4059,1555.2,0.000120523,0.024234,1827.04,278.407,19.160775,0,7.86533
FFT,3000000,0,0.0,6.72391,48.0,0.0030135213,0.321447,107.0999,15.9282,8,2.27,6.72391,108,1.41,42.4059,1555.2,0.000170357,0.023219,1894.54,281.762,17.689448,0,7.86533
FFT,3200000,0,0.0,6.75301,51.2,0.0036214346,0.379363,95.4744,14.138,8,2.27,6.75301,108,1.41,42.4059,1555.2,0.000169239,0.0211684,2043.0,302.532,21.398346,0,7.86533
FFT,4194304,0,0.0,6.875,67.1089,0.0052881354,0.556645,87.2469,12.6905,8,2.27,6.875,108,1.41,42.4059,1555.2,0.000216187,0.0285648,2134.14,310.421,24.460932,0,7.86533
FFT,6000000,0,0.0,7.03641,96.0,0.0066929755,0.714891,100.9261,14.3434,8,2.27,7.03641,108,1.41,42.4059,1555.2,0.000375957,0.0239924,1796.74,255.349,17.802503,0,7.86533
FFT,6400000,0,0.0,7.06551,102.4,0.0066781814,0.713774,108.3391,15.3335,8,2.27,7.06551,108,1.41,42.4059,1555.2,0.000358437,0.022286,2018.51,285.685,18.631395,0,7.86533
FFT,8388608,0,0.0,7.1875,134.2177,0.011282276,1.18343,85.5049,11.8963,8,2.27,7.1875,108,1.41,42.4059,1555.2,0.000418743,0.0344062,2303.78,320.525,26.943198,0,7.86533
FFT,12000000,0,0.0,7.34892,192.0,0.013685347,1.44896,103.1024,14.0296,8,2.27,7.34892,108,1.41,42.4059,1555.2,0.000752583,0.0452464,1874.87,255.121,18.184502,0,7.86533
FFT,12800000,0,0.0,7.37801,204.8,0.017776279,1.84335,85.0019,11.521,8,2.27,7.37801,108,1.41,42.4059,1555.2,0.000697742,0.045756,2165.58,293.518,25.476865,0,7.86533
FFT,16777216,0,0.0,7.5,268.4355,0.022900003,2.40355,87.9155,11.7221,8,2.27,7.5,108,1.41,42.4059,1555.2,0.000827231,0.175643,2433.74,324.499,27.682718,0,7.86533
FFT,25000000,0,0.0,7.67982,400.0,0.032095858,3.42888,95.711,12.4627,8,2.27,7.67982,108,1.41,42.4059,1555.2,0.00131557,0.361647,2335.05,304.05,24.396922,0,7.86533
FFT,33554432,0,0.0,7.8125,536.8709,0.048415693,5.02067,86.6311,11.0888,8,2.27,7.8125,108,1.41,42.4059,1555.2,0.00165375,0.475695,2536.24,324.639,29.276307,0,7.86533
FFT,50000000,0,0.0,7.99232,800.0,0.063286604,6.70001,101.0302,12.6409,8,2.27,7.99232,108,1.41,42.4059,1555.2,0.00261562,0.660915,2444.49,305.855,24.195641,0,7.86533
FFT,67108864,0,0.0,8.125,1073.7418,0.100556,10.4167,86.7591,10.678,8,2.27,8.125,108,1.41,42.4059,1555.2,0.00327236,0.860995,2666.02,328.125,30.728893,0,7.86533
GEMM,1024,0,0.0,85.3333,25.1658,0.0030408365,0.412413,706.2148,8.276,16,2.27,85.3333,108,1.41,42.4059,1555.2,0.000223972,0.36106,9588.18,112.361,13.57686,0,6.099003
GEMM,1152,0,0.0,96.0,31.8505,0.0027834875,0.481536,1098.4952,11.4427,16,2.27,96.0,108,1.41,42.4059,1555.2,0.000304757,0.36323,10033.1,104.511,9.1334654,0,6.099003
GEMM,1280,0,0.0,106.667,39.3216,0.0038128305,0.622556,1100.0499,10.313,16,2.27,106.667,108,1.41,42.4059,1555.2,0.000427687,0.36706,9806.95,91.9401,8.9150021,0,6.099003
GEMM,1408,0,0.0,117.333,47.5791,0.004731519,0.739531,1179.8787,10.0558,16,2.27,117.333,108,1.41,42.4059,1555.2,0.000519321,0.38426,10749.8,91.618,9.1109718,0,6.099003
GEMM,1536,0,0.0,128.0,56.6231,0.00582606,0.90939,1244.0238,9.7189,16,2.27,128.0,108,1.41,42.4059,1555.2,0.000730855,0.41113,9916.82,77.4752,7.9715675,0,6.099003
GEMM,1664,0,0.0,138.667,66.4535,0.0092339025,1.38446,997.9406,7.1967,16,2.27,138.667,108,1.41,42.4059,1555.2,0.000906743,0.36216,10162.6,73.2881,10.183594,0,6.099003
GEMM,1792,0,0.0,149.333,77.0703,0.011349204,1.68008,1014.0949,6.7908,16,2.27,149.333,108,1.41,42.4059,1555.2,0.00103254,0.36004,11146.5,74.6416,10.99154,0,6.099003
GEMM,1920,0,0.0,160.0,88.4736,0.013424181,1.98767,1054.4983,6.5906,16,2.27,160.0,108,1.41,42.4059,1555.2,0.00125751,0.36008,11257.0,70.3561,10.675208,0,6.099003
GEMM,2048,0,0.0,170.667,100.6633,0.01745686,2.69177,984.1328,5.7664,16,2.27,170.667,108,1.41,42.4059,1555.2,0.00153804,0.36004,11170.0,65.4489,11.350069,1,6.099003
GEMM,2304,0,0.0,192.0,127.402,0.022220634,3.46496,1100.8318,5.7335,16,2.27,192.0,108,1.41,42.4059,1555.2,0.00206291,0.36008,11857.6,61.7585,10.771499,0,6.099003
GEMM,2560,0,0.0,213.333,157.2864,0.03072905,4.67095,1091.945,5.1185,16,2.27,213.333,108,1.41,42.4059,1555.2,0.00332957,0.36102,10077.7,47.2393,9.2291347,0,6.099003
GEMM,2816,0,0.0,234.667,190.3165,0.040645085,6.15495,1098.8032,4.6824,16,2.27,234.667,108,1.41,42.4059,1555.2,0.004327,0.35005,10321.5,43.9835,9.3933638,0,6.099003
GEMM,3072,0,0.0,256.0,226.4924,0.054812452,8.30155,1057.8264,4.1321,16,2.27,256.0,108,1.41,42.4059,1555.2,0.00579087,0.35115,10012.7,39.112,9.4653225,1,6.099003
GEMM,3328,0,0.0,277.333,265.814,0.057392976,8.62766,1284.4618,4.6315,16,2.27,277.333,108,1.41,42.4059,1555.2,0.00738758,0.35698,9978.79,35.9812,7.7688466,0,6.099003
GEMM,3584,0,0.0,298.667,308.2813,0.070582572,10.7002,1304.4773,4.3677,16,2.27,298.667,108,1.41,42.4059,1555.2,0.00849337,0.35604,10840.6,36.2967,8.310314,0,6.099003
GEMM,3840,0,0.0,320.0,353.8944,0.086109555,12.9714,1315.141,4.1098,16,2.27,320.0,108,1.41,42.4059,1555.2,0.0085518,0.368,13242.4,41.3824,10.069173,0,6.099003
GEMM,4096,0,0.0,341.333,402.6532,0.10977074,16.4937,1252.0545,3.6681,16,2.27,341.333,108,1.41,42.4059,1555.2,0.00820414,0.4433,16752.4,49.0793,13.379921,0,6.099003
GEMM,4608,0,0.0,384.0,509.6079,0.14369129,21.6414,1361.8741,3.5465,16,2.27,384.0,108,1.41,42.4059,1555.2,0.0109939,2.22392,17799.8,46.3535,13.070092,0,6.099003
GEMM,5120,0,0.0,426.667,629.1456,0.20394416,30.7977,1316.2203,3.0849,16,2.27,426.667,108,1.41,42.4059,1555.2,0.0228201,3.88284,11763.1,27.5698,8.9370408,0,6.099003
GEMM,5632,0,0.0,469.333,761.2662,0.26180778,39.4456,1364.6944,2.9077,16,2.27,469.333,108,1.41,42.4059,1555.2,0.0209859,8.35512,17025.1,36.275,12.475413,0,6.099003
GEMM,6144,0,0.0,512.0,905.9697,0.35872642,52.0829,1293.0647,2.5255,16,2.27,512.0,108,1.41,42.4059,1555.2,0.028912,1.71225,16043.7,31.3354,12.407527,0,6.099003
GEMM,6656,0,0.0,554.667,1063.2561,0.45597393,63.8496,1293.3913,2.3318,16,2.27,554.667,108,1.41,42.4059,1555.2,0.0361742,10.1592,16303.1,29.3927,12.604949,1,6.099003
GEMM,7168,0,0.0,597.333,1233.1254,0.58071163,81.1313,1268.4211,2.1235,16,2.27,597.333,108,1.41,42.4059,1555.2,0.0460205,13.0321,16005.6,26.7952,12.618542,1,6.099003
GEMM,7680,0,0.0,640.0,1415.5776,0.69597825,97.0978,1301.7212,2.0339,16,2.27,640.0,108,1.41,42.4059,1555.2,0.0582518,15.2909,15552.6,24.301,11.947755,1,6.099003
GEMM,8192,0,0.0,682.667,1610.6127,0.91056932,127.089,1207.4991,1.7688,16,2.27,682.667,108,1.41,42.4059,1555.2,0.0704992,20.4649,15596.1,22.8458,12.916023,1,6.099003
GEMM,9216,0,0.0,768.0,2038.4317,1.2494268,174.443,1252.987,1.6315,16,2.27,768.0,108,1.41,42.4059,1555.2,0.0934851,22.8632,16746.1,21.8049,13.364983,1,6.099003
GEMM,10240,0,0.0,853.333,2516.5824,1.7149071,239.365,1252.2449,1.4675,16,2.27,853.333,108,1.41,42.4059,1555.2,0.130942,32.8229,16400.3,19.2191,13.096692,1,6.099003
GEMM,11264,0,0.0,938.667,3045.0647,2.2526596,314.419,1268.8561,1.3518,16,2.27,938.667,108,1.41,42.4059,1555.2,0.183518,47.2967,15575.0,16.5927,12.27487,1,6.099003
GEMM,12288,0,0.0,1024.0,3623.8787,3.0510885,425.913,1216.2386,1.1877,16,2.27,1024.0,108,1.41,42.4059,1555.2,0.230713,59.2992,16084.3,15.7073,13.224606,1,6.099003
GEMM,13312,0,0.0,1109.33,4253.0243,3.7322057,521.079,1264.1376,1.1395,16,2.27,1109.33,108,1.41,42.4059,1555.2,0.306896,75.0488,15373.4,13.8582,12.161142,1,6.099003
GEMM,14336,0,0.0,1194.67,4932.5015,4.7078843,657.238,1251.6652,1.0477,16,2.27,1194.67,108,1.41,42.4059,1555.2,0.381316,94.7213,15453.6,12.9355,12.346412,1,6.099003
GEMM,15360,0,0.0,1280.0,5662.3104,5.7325323,800.237,1264.3204,0.9878,16,2.27,1280.0,108,1.41,42.4059,1555.2,0.443614,113.409,16338.0,12.764,12.922343,1,6.099003
GEMM,16384,0,0.0,1365.33,6442.4509,7.2684379,1014.7,1210.1765,0.8864,16,2.27,684.85236,108,1.41,42.4059,1555.2,0.28555231,71.259122,7724.5337,10.9629,25.453962,1,6.099003
SpMV,1000,10000,0.01,0.142853,0.14,6.050195e-06,0.000618406,3.3057,23.1404,16,2.27,0.0825824,108,1.41,42.4059,1555.2,1.0033642e-05,0.00353698,0.64190675,5.8454725,0.60299089,0,6.099003
SpMV,2000,40000,0.01,0.153845,0.52,8.479829e-06,0.000980589,9.4342,61.3225,16,2.27,0.09243555,108,1.41,42.4059,1555.2,1.07304e-05,0.00357187,2.3093575,17.588552,0.79026215,0,6.099003
SpMV,5000,250000,0.01,0.16129,3.1,2.9164071e-05,0.00339123,17.1444,106.2953,16,2.27,0.10282145,108,1.41,42.4059,1555.2,1.1417925e-05,0.0011271525,11.829851,79.78445,2.5542356,0,6.099003
SpMV,10000,1000000,0.01,0.163934,12.2,7.7506786e-05,0.00919852,25.8042,157.4056,16,2.27,0.10794735,108,1.41,42.4059,1555.2,1.30647e-05,0.00135108,33.68332,217.98122,5.9325347,0,6.099003
SpMV,12500,1562500,0.01,0.164474,19.0,0.00011799191,0.0143341,26.4849,161.028,16,2.27,0.11136507,108,1.41,42.4059,1555.2,1.40169e-05,0.0016174925,44.777222,287.84665,8.4178317,0,6.099003
SpMV,15000,2250000,0.01,0.164835,27.3,0.00017029827,0.0218589,26.4242,160.307,16,2.27,0.11407033,108,1.41,42.4059,1555.2,1.598345e-05,0.00170081,51.823647,332.03562,10.654663,0,6.099003
SpMV,20000,4000000,0.01,0.165289,48.4,0.0003694589,0.048429,21.6533,131.0024,16,2.27,0.11813582,108,1.41,42.4059,1555.2,2.2212425e-05,0.0033387775,55.85616,361.57735,16.632984,0,6.099003
SpMV,25000,6250000,0.01,0.165563,75.5,0.00074883595,0.0974978,16.6926,100.8232,16,2.27,0.1210781,108,1.41,42.4059,1555.2,2.79917e-05,0.0054560175,66.605598,430.47345,26.752071,0,6.099003
SpMV,30000,9000000,0.01,0.165746,108.6,0.001205096,0.15615,14.9366,90.1173,16,2.27,0.12332092,108,1.41,42.4059,1555.2,3.56326e-05,0.00757273,73.836183,477.53517,33.820042,0,6.099003
SpMV,40000,16000000,0.01,0.165975,192.8,0.0023564847,0.30201,13.5795,81.8168,16,2.27,0.12653045,108,1.41,42.4059,1555.2,5.50146e-05,0.012376025,87.244232,565.4955,42.833807,0,6.099003
SpMV,50000,25000000,0.01,0.166113,301.0,0.0037762304,0.484186,13.2407,79.7091,16,2.27,0.1287257,108,1.41,42.4059,1555.2,8.0508675e-05,0.019505693,95.799697,621.74475,46.90464,0,6.099003
SpMV,60000,36000000,0.01,0.166205,433.2,0.0055134083,0.710754,13.0591,78.5721,16,2.27,0.13032547,108,1.41,42.4059,1555.2,0.00011627385,0.027408225,97.535197,637.60925,47.41744,0,6.099003
SpMV,75000,56250000,0.01,0.166297,676.5,0.0088727833,1.17245,12.6792,76.2444,16,2.27,0.13205097,108,1.41,42.4059,1555.2,0.0001865068,0.044820515,105.17467,691.289,47.573511,0,6.099003
SpMV,100000,100000000,0.01,0.166389,1202.0,0.015900745,2.08149,12.578,75.5939,16,2.27,1.145228,108,1.41,42.4059,1555.2,0.00029446208,0.07975752,172.75946,596.77378,53.999296,0,6.099003
SpMV,125000,156250000,0.01,0.166445,1877.5,0.02511174,3.26334,12.4444,74.7658,16,2.27,0.13735163,108,1.41,42.4059,1555.2,0.00062646075,0.15128955,122.76082,814.95025,40.085098,0,6.099003
SpMV,150000,225000000,0.01,0.166482,2703.0,0.037214293,4.72998,12.0921,72.6334,16,2.27,0.14006608,108,1.41,42.4059,1555.2,0.0009279678,0.24008215,117.04255,774.27375,40.103001,0,6.099003
SpMV,200000,400000000,0.01,0.166528,4804.0,0.062327225,8.01662,12.8355,77.0771,16,2.27,1.2159124,108,1.41,42.4059,1555.2,0.0013736189,0.33664047,261.23632,700.6226,45.374467,0,6.099003
SpMV,250000,625000000,0.01,0.166556,7505.0,0.060651963,8.36199,20.6094,123.7388,16,2.27,0.14709225,108,1.41,42.4059,1555.2,0.0025939844,0.62792525,135.30115,900.6195,23.381777,0,6.099003
SpMV,300000,900000000,0.01,0.166574,10806.0,0.10677605,13.5084,16.8577,101.2025,16,2.27,0.1493395,108,1.41,42.4059,1555.2,0.0036412372,0.9169446,140.32192,927.0245,29.324114,0,6.099003
SpMV,1000,1000,0.001,0.0624922,0.032,4.302478e-06,0.000410948,0.4648,7.4385,16,2.27,0.0825824,108,1.41,42.4059,1555.2,1.0033642e-05,0.00353698,0.64190675,5.8454725,0.42880519,0,6.099003
SpMV,2000,4000,0.001,0.090905,0.088,4.447456e-06,0.000508299,1.7988,19.7875,16,2.27,0.09243555,108,1.41,42.4059,1555.2,1.07304e-05,0.00357187,2.3093575,17.588552,0.41447253,0,6.099003
SpMV,5000,25000,0.001,0.124999,0.4,9.896985e-06,0.00109967,5.052,40.4168,16,2.27,0.10282145,108,1.41,42.4059,1555.2,1.1417925e-05,0.0011271525,11.829851,79.78445,0.86679366,0,6.099003
SpMV,10000,100000,0.001,0.142857,1.4,2.0004354e-05,0.0023095,9.9978,69.985,16,2.27,0.10794735,108,1.41,42.4059,1555.2,1.30647e-05,0.00135108,33.68332,217.98122,1.5311759,0,6.099003
SpMV,12500,156250,0.001,0.147059,2.125,2.4028811e-05,0.00280456,13.0052,88.4357,16,2.27,0.11136507,108,1.41,42.4059,1555.2,1.40169e-05,0.0016174925,44.777222,287.84665,1.7142743,0,6.099003
SpMV,15000,225000,0.001,0.15,3.0,2.8043745e-05,0.00330041,16.0464,106.9759,16,2.27,0.11407033,108,1.41,42.4059,1555.2,1.598345e-05,0.00170081,51.823647,332.03562,1.7545489,0,6.099003
SpMV,20000,400000,0.001,0.153846,5.2,4.6279862e-05,0.00544432,17.2861,112.36,16,2.27,0.11813582,108,1.41,42.4059,1555.2,2.2212425e-05,0.0033387775,55.85616,361.57735,2.0835124,0,6.099003
SpMV,25000,625000,0.001,0.15625,8.0,7.0352442e-05,0.00842234,17.7677,113.7132,16,2.27,0.1210781,108,1.41,42.4059,1555.2,2.79917e-05,0.0054560175,66.605598,430.47345,2.5133322,0,6.099003
SpMV,30000,900000,0.001,0.157895,11.4,8.3502992e-05,0.0100143,21.5561,136.5221,16,2.27,0.12332092,108,1.41,42.4059,1555.2,3.56326e-05,0.00757273,73.836183,477.53517,2.3434437,0,6.099003
SpMV,40000,1600000,0.001,0.16,20.0,0.00013049817,0.0158852,24.5214,153.2589,16,2.27,0.12653045,108,1.41,42.4059,1555.2,5.50146e-05,0.012376025,87.244232,565.4955,2.3720644,0,6.099003
SpMV,50000,2500000,0.001,0.16129,31.0,0.00021731662,0.0283288,23.0079,142.649,16,2.27,0.1287257,108,1.41,42.4059,1555.2,8.0508675e-05,0.019505693,95.799697,621.74475,2.6992945,0,6.099003
SpMV,60000,3600000,0.001,0.162162,44.4,0.00032049932,0.0426232,22.4649,138.5338,16,2.27,0.13032547,108,1.41,42.4059,1555.2,0.00011627385,0.027408225,97.535197,637.60925,2.7564179,0,6.099003
SpMV,75000,5625000,0.001,0.163043,69.0,0.00059062282,0.0806724,19.0477,116.8258,16,2.27,0.13205097,108,1.41,42.4059,1555.2,0.0001865068,0.044820515,105.17467,691.289,3.1667629,0,6.099003
SpMV,100000,10000000,0.001,0.163934,122.0,0.0012966693,0.170385,15.4241,94.0872,16,2.27,1.145228,108,1.41,42.4059,1555.2,0.00029446208,0.07975752,172.75946,596.77378,4.4035189,0,6.099003
SpMV,125000,15625000,0.001,0.164474,190.0,0.002281629,0.294561,13.6964,83.2738,16,2.27,0.13735163,108,1.41,42.4059,1555.2,0.00062646075,0.15128955,122.76082,814.95025,3.6420942,0,6.099003
SpMV,150000,22500000,0.001,0.164835,273.0,0.003436462,0.441128,13.0949,79.4422,16,2.27,0.14006608,108,1.41,42.4059,1555.2,0.0009279678,0.24008215,117.04255,774.27375,3.7032126,0,6.099003
SpMV,200000,40000000,0.001,0.165289,484.0,0.0064662052,0.821548,12.372,74.8507,16,2.27,1.2159124,108,1.41,42.4059,1555.2,0.0013736189,0.33664047,261.23632,700.6226,4.707423,0,6.099003
SpMV,250000,62500000,0.001,0.165563,755.0,0.0098957663,1.2689,12.6317,76.2953,16,2.27,0.14709225,108,1.41,42.4059,1555.2,0.0025939844,0.62792525,135.30115,900.6195,3.8148905,0,6.099003
SpMV,300000,90000000,0.001,0.165746,1086.0,0.014510139,1.83536,12.4051,74.8442,16,2.27,0.1493395,108,1.41,42.4059,1555.2,0.0036412372,0.9169446,140.32192,927.0245,3.9849475,0,6.099003
SpMV,400000,160000000,0.001,0.165975,1928.0,0.026213854,3.23807,12.2073,73.5489,16,2.27,1.2851438,108,1.41,42.4059,1555.2,0.005075361,1.2241048,396.203,850.8394,5.1649241,0,6.099003
SpMV,1000,1000,0.0001,0.0624922,0.032,4.49297e-06,0.000404723,0.4451,7.1231,16,2.27,0.0825824,108,1.41,42.4059,1555.2,1.0033642e-05,0.00353698,0.64190675,5.8454725,0.44779052,0,6.099003
SpMV,2000,2000,0.0001,0.0624961,0.064,4.471738e-06,0.000492858,0.8945,14.313,16,2.27,0.09243555,108,1.41,42.4059,1555.2,1.07304e-05,0.00357187,2.3093575,17.588552,0.41673544,0,6.099003
SpMV,5000,5000,0.0001,0.0624984,0.16,4.652704e-06,0.000504271,2.1493,34.3895,16,2.27,0.10282145,108,1.41,42.4059,1555.2,1.1417925e-05,0.0011271525,11.829851,79.78445,0.4074912,0,6.099003
SpMV,10000,10000,0.0001,0.0624992,0.32,5.016614e-06,0.000526793,3.9868,63.7888,16,2.27,0.10794735,108,1.41,42.4059,1555.2,1.30647e-05,0.00135108,33.68332,217.98122,0.38398233,0,6.099003
SpMV,12500,15625,0.0001,0.0714279,0.4375,5.820277e-06,0.000645445,5.3692,75.1689,16,2.27,0.11136507,108,1.41,42.4059,1555.2,1.40169e-05,0.0016174925,44.777222,287.84665,0.41523283,0,6.099003
SpMV,15000,22500,0.0001,0.0789468,0.57,6.281704e-06,0.000663206,7.1637,90.7403,16,2.27,0.11407033,108,1.41,42.4059,1555.2,1.598345e-05,0.00170081,51.823647,332.03562,0.39301302,0,6.099003
SpMV,20000,40000,0.0001,0.0909087,0.88,7.514263e-06,0.000792113,10.6464,117.1112,16,2.27,0.11813582,108,1.41,42.4059,1555.2,2.2212425e-05,0.0033387775,55.85616,361.57735,0.33829098,0,6.099003
SpMV,25000,62500,0.0001,0.0999997,1.25,7.851801e-06,0.000924558,15.9199,159.1997,16,2.27,0.1210781,108,1.41,42.4059,1555.2,2.79917e-05,0.0054560175,66.605598,430.47345,0.28050461,0,6.099003
SpMV,30000,90000,0.0001,0.107143,1.68,8.552536e-06,0.00107379,21.0464,196.4334,16,2.27,0.12332092,108,1.41,42.4059,1555.2,3.56326e-05,0.00757273,73.836183,477.53517,0.24001998,0,6.099003
SpMV,40000,160000,0.0001,0.117647,2.72,1.1454261e-05,0.00138189,27.9372,237.4666,16,2.27,0.12653045,108,1.41,42.4059,1555.2,5.50146e-05,0.012376025,87.244232,565.4955,0.20820402,0,6.099003
SpMV,50000,250000,0.0001,0.125,4.0,6.052396e-05,0.00699582,8.2612,66.0896,16,2.27,0.1287257,108,1.41,42.4059,1555.2,8.0508675e-05,0.019505693,95.799697,621.74475,0.75176942,0,6.099003
SpMV,60000,360000,0.0001,0.130435,5.52,7.176524e-05,0.00882078,10.0327,76.9175,16,2.27,0.13032547,108,1.41,42.4059,1555.2,0.00011627385,0.027408225,97.535197,637.60925,0.61720877,0,6.099003
SpMV,75000,562500,0.0001,0.136364,8.25,8.866166e-05,0.00941404,12.6887,93.0504,16,2.27,0.13205097,108,1.41,42.4059,1555.2,0.0001865068,0.044820515,105.17467,691.289,0.47538031,0,6.099003
SpMV,100000,1000000,0.0001,0.142857,14.0,0.00016513252,0.0186877,12.1115,84.7804,16,2.27,1.145228,108,1.41,42.4059,1555.2,0.00029446208,0.07975752,172.75946,596.77378,0.56079384,0,6.099003
SpMV,125000,1562500,0.0001,0.147059,21.25,0.00020536212,0.0239111,15.217,103.4758,16,2.27,0.13735163,108,1.41,42.4059,1555.2,0.00062646075,0.15128955,122.76082,814.95025,0.32781323,0,6.099003
SpMV,150000,2250000,0.0001,0.15,30.0,0.0002475607,0.0307384,18.1774,121.1824,16,2.27,0.14006608,108,1.41,42.4059,1555.2,0.0009279678,0.24008215,117.04255,774.27375,0.26677725,0,6.099003
SpMV,200000,4000000,0.0001,0.153846,52.0,0.00047698378,0.0610936,16.7721,109.0184,16,2.27,1.2159124,108,1.41,42.4059,1555.2,0.0013736189,0.33664047,261.23632,700.6226,0.34724608,0,6.099003
SpMV,250000,6250000,0.0001,0.15625,80.0,0.00079316744,0.101491,15.7596,100.8614,16,2.27,0.14709225,108,1.41,42.4059,1555.2,0.0025939844,0.62792525,135.30115,900.6195,0.30577187,0,6.099003
SpMV,300000,9000000,0.0001,0.157895,114.0,0.0012039867,0.149193,14.9503,94.6854,16,2.27,0.1493395,108,1.41,42.4059,1555.2,0.0036412372,0.9169446,140.32192,927.0245,0.33065319,0,6.099003
SpMV,400000,16000000,0.0001,0.16,200.0,0.0015220614,0.200936,21.0241,131.4007,16,2.27,1.2851438,108,1.41,42.4059,1555.2,0.005075361,1.2241048,396.203,850.8394,0.29989225,0,6.099003
SpMV,1000,1000,1e-05,0.0624922,0.032,4.260136e-06,0.000400085,0.4695,7.5124,16,2.27,0.0825824,108,1.41,42.4059,1555.2,1.0033642e-05,0.00353698,0.64190675,5.8454725,0.42458519,0,6.099003
SpMV,2000,2000,1e-05,0.0624961,0.064,4.269476e-06,0.000414428,0.9369,14.9911,16,2.27,0.09243555,108,1.41,42.4059,1555.2,1.07304e-05,0.00357187,2.3093575,17.588552,0.39788601,0,6.099003
SpMV,5000,5000,1e-05,0.0624984,0.16,4.474681e-06,0.0005036,2.2348,35.7576,16,2.27,0.10282145,108,1.41,42.4059,1555.2,1.1417925e-05,0.0011271525,11.829851,79.78445,0.39189967,0,6.099003
SpMV,10000,10000,1e-05,0.0624992,0.32,4.844562e-06,0.000513915,4.1283,66.0543,16,2.27,0.10794735,108,1.41,42.4059,1555.2,1.30647e-05,0.00135108,33.68332,217.98122,0.37081311,0,6.099003
SpMV,12500,12500,1e-05,0.0624994,0.4,5.018392e-06,0.000528013,4.9817,79.7076,16,2.27,0.11136507,108,1.41,42.4059,1555.2,1.40169e-05,0.0016174925,44.777222,287.84665,0.35802438,0,6.099003
SpMV,15000,15000,1e-05,0.0624995,0.48,5.219494e-06,0.000527953,5.7477,91.9637,16,2.27,0.11407033,108,1.41,42.4059,1555.2,1.598345e-05,0.00170081,51.823647,332.03562,0.32655616,0,6.099003
SpMV,20000,20000,1e-05,0.0624996,0.64,5.568314e-06,0.000650389,7.1835,114.9368,16,2.27,0.11813582,108,1.41,42.4059,1555.2,2.2212425e-05,0.0033387775,55.85616,361.57735,0.25068465,0,6.099003
SpMV,25000,25000,1e-05,0.0624997,0.8,5.922337e-06,0.000656309,8.4426,135.0825,16,2.27,0.1210781,108,1.41,42.4059,1555.2,2.79917e-05,0.0054560175,66.605598,430.47345,0.21157475,0,6.099003
SpMV,30000,30000,1e-05,0.0624997,0.96,6.437413e-06,0.000758604,9.3205,149.1289,16,2.27,0.12332092,108,1.41,42.4059,1555.2,3.56326e-05,0.00757273,73.836183,477.53517,0.18066077,0,6.099003
SpMV,40000,40000,1e-05,0.0624998,1.28,6.691517e-06,0.000812376,11.9554,191.2876,16,2.27,0.12653045,108,1.41,42.4059,1555.2,5.50146e-05,0.012376025,87.244232,565.4955,0.12163166,0,6.099003
SpMV,50000,50000,1e-05,0.0624998,1.6,7.6014e-06,0.00189088,13.1555,210.4881,16,2.27,0.1287257,108,1.41,42.4059,1555.2,8.0508675e-05,0.019505693,95.799697,621.74475,0.094417154,0,6.099003
SpMV,60000,60000,1e-05,0.0624999,1.92,8.31408e-06,0.0,14.4333,230.934,16,2.27,0.13032547,108,1.41,42.4059,1555.2,0.00011627385,0.027408225,97.535197,637.60925,0.071504298,0,6.099003
SpMV,75000,75000,1e-05,0.0624999,2.4,9.4625e-06,0.0,15.852,253.6332,16,2.27,0.13205097,108,1.41,42.4059,1555.2,0.0001865068,0.044820515,105.17467,691.289,0.050735416,0,6.099003
SpMV,100000,100000,1e-05,0.0624999,3.2,1.130884e-05,0.00227782,17.6853,282.9648,16,2.27,1.145228,108,1.41,42.4059,1555.2,0.00029446208,0.07975752,172.75946,596.77378,0.038405081,0,6.099003
SpMV,125000,156250,1e-05,0.0714285,4.375,2.157108e-05,0.00233764,14.487,202.818,16,2.27,0.13735163,108,1.41,42.4059,1555.2,0.00062646075,0.15128955,122.76082,814.95025,0.034433251,0,6.099003
SpMV,150000,225000,1e-05,0.0789473,5.7,2.516126e-05,0.00268676,17.8846,226.5389,16,2.27,0.14006608,108,1.41,42.4059,1555.2,0.0009279678,0.24008215,117.04255,774.27375,0.027114368,0,6.099003
SpMV,200000,400000,1e-05,0.090909,8.8,3.254948e-05,0.00420654,24.578,270.3577,16,2.27,1.2159124,108,1.41,42.4059,1555.2,0.0013736189,0.33664047,261.23632,700.6226,0.02369615,0,6.099003
SpMV,250000,625000,1e-05,0.1,12.5,4.02181e-05,0.00518066,31.0805,310.8054,16,2.27,0.14709225,108,1.41,42.4059,1555.2,0.0025939844,0.62792525,135.30115,900.6195,0.015504373,0,6.099003
SpMV,300000,900000,1e-05,0.107143,16.8,4.768482e-05,0.00528076,37.7479,352.3135,16,2.27,0.1493395,108,1.41,42.4059,1555.2,0.0036412372,0.9169446,140.32192,927.0245,0.013095774,0,6.099003
SpMV,400000,1600000,1e-05,0.117647,27.2,0.0002047416,0.0237426,15.6295,132.8504,16,2.27,1.2851438,108,1.41,42.4059,1555.2,0.005075361,1.2241048,396.203,850.8394,0.040340303,0,6.099003
FFT,16384,0,0.0,4.37473,0.2622,2.2101237e-05,0.00233361,51.8921,11.8618,16,2.27,684.85236,108,1.41,42.4059,1555.2,0.28555231,71.259122,7724.5337,10.9629,7.7398207e-05,0,6.099003
FFT,24000,0,0.0,4.54692,0.384,2.642509e-05,0.00316344,66.077,14.5322,16,2.27,4.54692,108,1.41,42.4059,1555.2,1.80542e-05,0.0011182,96.7139,21.2702,1.4636533,1,6.099003
FFT,32768,0,0.0,4.68736,0.5243,3.52948e-05,0.00435363,69.6307,14.855,16,2.27,4.68736,108,1.41,42.4059,1555.2,4.67572e-05,0.00340818,52.5609,11.2133,0.75485273,0,6.099003
FFT,48000,0,0.0,4.85951,0.768,3.833999e-05,0.00440123,97.3443,20.0317,16,2.27,4.85951,108,1.41,42.4059,1555.2,1.97638e-05,0.00126092,188.839,38.8598,1.9399098,1,6.099003
FFT,65536,0,0.0,4.99992,1.0486,4.240114e-05,0.00465697,123.6495,24.7303,16,2.27,4.99992,108,1.41,42.4059,1555.2,1.78925e-05,0.00131446,293.022,58.6052,2.3697717,0,6.099003
FFT,100000,0,0.0,5.19046,1.6,7.311119e-05,0.00792723,113.5916,21.8847,16,2.27,1.145228,108,1.41,42.4059,1555.2,0.00029446208,0.07975752,172.75946,596.77378,0.24828728,0,6.099003
FFT,131072,0,0.0,5.31246,2.0972,6.519917e-05,0.00841367,170.8782,32.1656,16,2.27,5.31246,108,1.41,42.4059,1555.2,1.84689e-05,0.0015114,603.236,113.551,3.530214,0,6.099003
FFT,200000,0,0.0,5.50299,3.2,8.319265e-05,0.0099835,211.673,38.4651,16,2.27,1.2159124,108,1.41,42.4059,1555.2,0.0013736189,0.33664047,261.23632,700.6226,0.060564579,0,6.099003
FFT,262144,0,0.0,5.62498,4.1943,0.00015192639,0.0171856,155.292,27.6076,16,2.27,5.62498,108,1.41,42.4059,1555.2,2.3565e-05,0.00400904,1001.18,177.989,6.4471203,0,6.099003
FFT,400000,0,0.0,5.8155,6.4,0.00019031281,0.0226928,195.569,33.6289,16,2.27,1.2851438,108,1.41,42.4059,1555.2,0.005075361,1.2241048,396.203,850.8394,0.037497394,0,6.099003
FFT,524288,0,0.0,5.93749,8.3886,0.00021877455,0.0280224,227.6652,38.3437,16,2.27,5.93749,108,1.41,42.4059,1555.2,2.87296e-05,0.00469192,1733.66,291.986,7.6149529,0,6.099003
FFT,800000,0,0.0,6.128,12.8,0.00031082842,0.0402288,252.3532,41.1803,16,2.27,6.128,108,1.41,42.4059,1555.2,4.08871e-05,0.0075054,1918.42,313.057,7.6021146,0,6.099003
FFT,1048576,0,0.0,6.24999,16.7772,0.00057086683,0.0729881,183.6814,29.389,16,2.27,6.24999,108,1.41,42.4059,1555.2,4.91179e-05,0.034577,2134.81,341.57,11.622379,0,6.099003
FFT,1600000,0,0.0,6.44051,25.6,0.0007097733,0.0895872,232.2955,36.0679,16,2.27,6.44051,108,1.41,42.4059,1555.2,7.13842e-05,0.0169766,2309.71,358.623,9.9430028,0,6.099003
FFT,2097152,0,0.0,6.5625,33.5544,0.001403174,0.173706,156.9306,23.9132,16,2.27,6.5625,108,1.41,42.4059,1555.2,0.000120523,0.024234,1827.04,278.407,11.642375,0,6.099003
FFT,3000000,0,0.0,6.72391,48.0,0.0017596318,0.222088,183.4179,27.2784,16,2.27,6.72391,108,1.41,42.4059,1555.2,0.000170357,0.023219,1894.54,281.762,10.329084,0,6.099003
FFT,3200000,0,0.0,6.75301,51.2,0.0021432162,0.265472,161.325,23.8893,16,2.27,6.75301,108,1.41,42.4059,1555.2,0.000169239,0.0211684,2043.0,302.532,12.663843,0,6.099003
FFT,4194304,0,0.0,6.875,67.1089,0.0032407531,0.403203,142.3661,20.7078,16,2.27,6.875,108,1.41,42.4059,1555.2,0.000216187,0.0285648,2134.14,310.421,14.990509,0,6.099003
FFT,6000000,0,0.0,7.03641,96.0,0.004211868,0.539409,160.3792,22.7927,16,2.27,7.03641,108,1.41,42.4059,1555.2,0.000375957,0.0239924,1796.74,255.349,11.203058,0,6.099003
FFT,6400000,0,0.0,7.06551,102.4,0.0043406408,0.567912,166.6824,23.591,16,2.27,7.06551,108,1.41,42.4059,1555.2,0.000358437,0.022286,2018.51,285.685,12.109913,0,6.099003
FFT,8388608,0,0.0,7.1875,134.2177,0.0072718393,0.898893,132.6611,18.4572,16,2.27,7.1875,108,1.41,42.4059,1555.2,0.000418743,0.0344062,2303.78,320.525,17.365877,0,6.099003
FFT,12000000,0,0.0,7.34892,192.0,0.0084754035,1.08065,166.4808,22.6538,16,2.27,7.34892,108,1.41,42.4059,1555.2,0.000752583,0.0452464,1874.87,255.121,11.261753,0,6.099003
FFT,12800000,0,0.0,7.37801,204.8,0.011103196,1.3887,136.0885,18.4451,16,2.27,7.37801,108,1.41,42.4059,1555.2,0.000697742,0.045756,2165.58,293.518,15.91304,0,6.099003
FFT,16777216,0,0.0,7.5,268.4355,0.014555999,1.822,138.3118,18.4416,16,2.27,7.5,108,1.41,42.4059,1555.2,0.000827231,0.175643,2433.74,324.499,17.596052,0,6.099003
FFT,25000000,0,0.0,7.67982,400.0,0.020358228,2.60015,150.8937,19.6481,16,2.27,7.67982,108,1.41,42.4059,1555.2,0.00131557,0.361647,2335.05,304.05,15.474835,0,6.099003
FFT,33554432,0,0.0,7.8125,536.8709,0.030284124,3.78128,138.4984,17.7278,16,2.27,7.8125,108,1.41,42.4059,1555.2,0.00165375,0.475695,2536.24,324.639,18.312395,0,6.099003
FFT,50000000,0,0.0,7.99232,800.0,0.042901076,5.29902,149.0372,18.6476,16,2.27,7.99232,108,1.41,42.4059,1555.2,0.00261562,0.660915,2444.49,305.855,16.401876,0,6.099003
FFT,67108864,0,0.0,8.125,1073.7418,0.06215282,7.65959,140.3662,17.2758,16,2.27,8.125,108,1.41,42.4059,1555.2,0.00327236,0.860995,2666.02,328.125,18.993271,0,6.099003
